[2026-07-08 10:39:03] Submit task: Code=200, Response={"code":200,"data":{"task_id":"2EJHOC265YNBHMYI","status":"not_started","created_time":"2026-07-08T08:39:05"}}
[2026-07-08 10:39:07] Status for task 2EJHOC265YNBHMYI: Code=200, Response={"code":200,"data":{"task_id":"2EJHOC265YNBHMYI","status":"running","files":[],"created_time":"2026-07-08T08:39:05","progress":0,"credits_amount":0}}
[2026-07-08 10:39:11] Status for task 2EJHOC265YNBHMYI: Code=200, Response={"code":200,"data":{"task_id":"2EJHOC265YNBHMYI","status":"running","files":[],"created_time":"2026-07-08T08:39:05","progress":0,"credits_amount":0}}
[2026-07-08 10:39:15] Status for task 2EJHOC265YNBHMYI: Code=200, Response={"code":200,"data":{"task_id":"2EJHOC265YNBHMYI","status":"running","files":[],"created_time":"2026-07-08T08:39:05","progress":0,"credits_amount":0}}
[2026-07-08 10:39:19] Status for task 2EJHOC265YNBHMYI: Code=200, Response={"code":200,"data":{"task_id":"2EJHOC265YNBHMYI","status":"running","files":[],"created_time":"2026-07-08T08:39:05","progress":0,"credits_amount":0}}
[2026-07-08 10:39:23] Status for task 2EJHOC265YNBHMYI: Code=200, Response={"code":200,"data":{"task_id":"2EJHOC265YNBHMYI","status":"running","files":[],"created_time":"2026-07-08T08:39:05","progress":0,"credits_amount":0}}
[2026-07-08 10:39:27] Status for task 2EJHOC265YNBHMYI: Code=200, Response={"code":200,"data":{"task_id":"2EJHOC265YNBHMYI","status":"running","files":[],"created_time":"2026-07-08T08:39:05","progress":0,"credits_amount":0}}
[2026-07-08 10:39:31] Status for task 2EJHOC265YNBHMYI: Code=200, Response={"code":200,"data":{"task_id":"2EJHOC265YNBHMYI","status":"running","files":[],"created_time":"2026-07-08T08:39:05","progress":0,"credits_amount":0}}
[2026-07-08 10:39:35] Status for task 2EJHOC265YNBHMYI: Code=200, Response={"code":200,"data":{"task_id":"2EJHOC265YNBHMYI","status":"running","files":[],"created_time":"2026-07-08T08:39:05","progress":0,"credits_amount":0}}
[2026-07-08 10:39:38] Status for task 2EJHOC265YNBHMYI: Code=200, Response={"code":200,"data":{"task_id":"2EJHOC265YNBHMYI","status":"running","files":[],"created_time":"2026-07-08T08:39:05","progress":0,"credits_amount":0}}
[2026-07-08 10:39:42] Status for task 2EJHOC265YNBHMYI: Code=200, Response={"code":200,"data":{"task_id":"2EJHOC265YNBHMYI","status":"running","files":[],"created_time":"2026-07-08T08:39:05","progress":0,"credits_amount":0}}
[2026-07-08 10:39:46] Status for task 2EJHOC265YNBHMYI: Code=200, Response={"code":200,"data":{"task_id":"2EJHOC265YNBHMYI","status":"running","files":[],"created_time":"2026-07-08T08:39:05","progress":0,"credits_amount":0}}
[2026-07-08 10:39:50] Status for task 2EJHOC265YNBHMYI: Code=200, Response={"code":200,"data":{"task_id":"2EJHOC265YNBHMYI","status":"running","files":[],"created_time":"2026-07-08T08:39:05","progress":0,"credits_amount":0}}
[2026-07-08 10:39:54] Status for task 2EJHOC265YNBHMYI: Code=200, Response={"code":200,"data":{"task_id":"2EJHOC265YNBHMYI","status":"running","files":[],"created_time":"2026-07-08T08:39:05","progress":0,"credits_amount":0}}
[2026-07-08 10:39:57] Status for task 2EJHOC265YNBHMYI: Code=200, Response={"code":200,"data":{"task_id":"2EJHOC265YNBHMYI","status":"running","files":[],"created_time":"2026-07-08T08:39:05","progress":0,"credits_amount":0}}
[2026-07-08 10:40:01] Status for task 2EJHOC265YNBHMYI: Code=200, Response={"code":200,"data":{"task_id":"2EJHOC265YNBHMYI","status":"running","files":[],"created_time":"2026-07-08T08:39:05","progress":0,"credits_amount":0}}
[2026-07-08 10:40:05] Status for task 2EJHOC265YNBHMYI: Code=200, Response={"code":200,"data":{"task_id":"2EJHOC265YNBHMYI","status":"running","files":[],"created_time":"2026-07-08T08:39:05","progress":0,"credits_amount":0}}
[2026-07-08 10:40:09] Status for task 2EJHOC265YNBHMYI: Code=200, Response={"code":200,"data":{"task_id":"2EJHOC265YNBHMYI","status":"running","files":[],"created_time":"2026-07-08T08:39:05","progress":0,"credits_amount":0}}
[2026-07-08 10:40:13] Status for task 2EJHOC265YNBHMYI: Code=200, Response={"code":200,"data":{"task_id":"2EJHOC265YNBHMYI","status":"running","files":[],"created_time":"2026-07-08T08:39:05","progress":0,"credits_amount":0}}
[2026-07-08 10:40:17] Status for task 2EJHOC265YNBHMYI: Code=200, Response={"code":200,"data":{"task_id":"2EJHOC265YNBHMYI","status":"running","files":[],"created_time":"2026-07-08T08:39:05","progress":0,"credits_amount":0}}
[2026-07-08 10:40:21] Status for task 2EJHOC265YNBHMYI: Code=200, Response={"code":200,"data":{"task_id":"2EJHOC265YNBHMYI","status":"running","files":[],"created_time":"2026-07-08T08:39:05","progress":0,"credits_amount":0}}
[2026-07-08 10:40:24] Status for task 2EJHOC265YNBHMYI: Code=200, Response={"code":200,"data":{"task_id":"2EJHOC265YNBHMYI","status":"running","files":[],"created_time":"2026-07-08T08:39:05","progress":0,"credits_amount":0}}
[2026-07-08 10:40:28] Status for task 2EJHOC265YNBHMYI: Code=200, Response={"code":200,"data":{"task_id":"2EJHOC265YNBHMYI","status":"running","files":[],"created_time":"2026-07-08T08:39:05","progress":0,"credits_amount":0}}
[2026-07-08 10:40:32] Status for task 2EJHOC265YNBHMYI: Code=200, Response={"code":200,"data":{"task_id":"2EJHOC265YNBHMYI","status":"running","files":[],"created_time":"2026-07-08T08:39:05","progress":0,"credits_amount":0}}
[2026-07-08 10:40:36] Status for task 2EJHOC265YNBHMYI: Code=200, Response={"code":200,"data":{"task_id":"2EJHOC265YNBHMYI","status":"running","files":[],"created_time":"2026-07-08T08:39:05","progress":0,"credits_amount":0}}
[2026-07-08 10:40:39] Status for task 2EJHOC265YNBHMYI: Code=200, Response={"code":200,"data":{"task_id":"2EJHOC265YNBHMYI","status":"running","files":[],"created_time":"2026-07-08T08:39:05","progress":0,"credits_amount":0}}
[2026-07-08 10:40:43] Status for task 2EJHOC265YNBHMYI: Code=200, Response={"code":200,"data":{"task_id":"2EJHOC265YNBHMYI","status":"running","files":[],"created_time":"2026-07-08T08:39:05","progress":0,"credits_amount":0}}
[2026-07-08 10:40:47] Status for task 2EJHOC265YNBHMYI: Code=200, Response={"code":200,"data":{"task_id":"2EJHOC265YNBHMYI","status":"running","files":[],"created_time":"2026-07-08T08:39:05","progress":0,"credits_amount":0}}
[2026-07-08 10:40:51] Status for task 2EJHOC265YNBHMYI: Code=200, Response={"code":200,"data":{"task_id":"2EJHOC265YNBHMYI","status":"running","files":[],"created_time":"2026-07-08T08:39:05","progress":0,"credits_amount":0}}
[2026-07-08 10:40:55] Status for task 2EJHOC265YNBHMYI: Code=200, Response={"code":200,"data":{"task_id":"2EJHOC265YNBHMYI","status":"running","files":[],"created_time":"2026-07-08T08:39:05","progress":0,"credits_amount":0}}
[2026-07-08 10:40:59] Status for task 2EJHOC265YNBHMYI: Code=200, Response={"code":200,"data":{"task_id":"2EJHOC265YNBHMYI","status":"running","files":[],"created_time":"2026-07-08T08:39:05","progress":0,"credits_amount":0}}
[2026-07-08 10:41:03] Status for task 2EJHOC265YNBHMYI: Code=200, Response={"code":200,"data":{"task_id":"2EJHOC265YNBHMYI","status":"running","files":[],"created_time":"2026-07-08T08:39:05","progress":0,"credits_amount":0}}
[2026-07-08 10:41:06] Status for task 2EJHOC265YNBHMYI: Code=200, Response={"code":200,"data":{"task_id":"2EJHOC265YNBHMYI","status":"running","files":[],"created_time":"2026-07-08T08:39:05","progress":0,"credits_amount":0}}
[2026-07-08 10:41:10] Status for task 2EJHOC265YNBHMYI: Code=200, Response={"code":200,"data":{"task_id":"2EJHOC265YNBHMYI","status":"running","files":[],"created_time":"2026-07-08T08:39:05","progress":0,"credits_amount":0}}
[2026-07-08 10:41:14] Status for task 2EJHOC265YNBHMYI: Code=200, Response={"code":200,"data":{"task_id":"2EJHOC265YNBHMYI","status":"running","files":[],"created_time":"2026-07-08T08:39:05","progress":0,"credits_amount":0}}
[2026-07-08 10:41:18] Status for task 2EJHOC265YNBHMYI: Code=200, Response={"code":200,"data":{"task_id":"2EJHOC265YNBHMYI","status":"running","files":[],"created_time":"2026-07-08T08:39:05","progress":0,"credits_amount":0}}
[2026-07-08 10:41:22] Status for task 2EJHOC265YNBHMYI: Code=200, Response={"code":200,"data":{"task_id":"2EJHOC265YNBHMYI","status":"running","files":[],"created_time":"2026-07-08T08:39:05","progress":0,"credits_amount":0}}
[2026-07-08 10:41:26] Status for task 2EJHOC265YNBHMYI: Code=200, Response={"code":200,"data":{"task_id":"2EJHOC265YNBHMYI","status":"running","files":[],"created_time":"2026-07-08T08:39:05","progress":0,"credits_amount":0}}
[2026-07-08 10:41:29] Status for task 2EJHOC265YNBHMYI: Code=200, Response={"code":200,"data":{"task_id":"2EJHOC265YNBHMYI","status":"running","files":[],"created_time":"2026-07-08T08:39:05","progress":0,"credits_amount":0}}
[2026-07-08 10:41:33] Status for task 2EJHOC265YNBHMYI: Code=200, Response={"code":200,"data":{"task_id":"2EJHOC265YNBHMYI","status":"running","files":[],"created_time":"2026-07-08T08:39:05","progress":0,"credits_amount":0}}
[2026-07-08 10:41:37] Status for task 2EJHOC265YNBHMYI: Code=200, Response={"code":200,"data":{"task_id":"2EJHOC265YNBHMYI","status":"running","files":[],"created_time":"2026-07-08T08:39:05","progress":0,"credits_amount":0}}
[2026-07-08 10:41:41] Status for task 2EJHOC265YNBHMYI: Code=200, Response={"code":200,"data":{"task_id":"2EJHOC265YNBHMYI","status":"running","files":[],"created_time":"2026-07-08T08:39:05","progress":0,"credits_amount":0}}
[2026-07-08 10:41:45] Status for task 2EJHOC265YNBHMYI: Code=200, Response={"code":200,"data":{"task_id":"2EJHOC265YNBHMYI","status":"running","files":[],"created_time":"2026-07-08T08:39:05","progress":0,"credits_amount":0}}
[2026-07-08 10:41:49] Status for task 2EJHOC265YNBHMYI: Code=200, Response={"code":200,"data":{"task_id":"2EJHOC265YNBHMYI","status":"running","files":[],"created_time":"2026-07-08T08:39:05","progress":0,"credits_amount":0}}
[2026-07-08 10:41:53] Status for task 2EJHOC265YNBHMYI: Code=200, Response={"code":200,"data":{"task_id":"2EJHOC265YNBHMYI","status":"running","files":[],"created_time":"2026-07-08T08:39:05","progress":0,"credits_amount":0}}
[2026-07-08 10:41:57] Status for task 2EJHOC265YNBHMYI: Code=200, Response={"code":200,"data":{"task_id":"2EJHOC265YNBHMYI","status":"running","files":[],"created_time":"2026-07-08T08:39:05","progress":0,"credits_amount":0}}
[2026-07-08 10:42:00] Status for task 2EJHOC265YNBHMYI: Code=200, Response={"code":200,"data":{"task_id":"2EJHOC265YNBHMYI","status":"running","files":[],"created_time":"2026-07-08T08:39:05","progress":0,"credits_amount":0}}
[2026-07-08 10:42:04] Status for task 2EJHOC265YNBHMYI: Code=200, Response={"code":200,"data":{"task_id":"2EJHOC265YNBHMYI","status":"running","files":[],"created_time":"2026-07-08T08:39:05","progress":0,"credits_amount":0}}
[2026-07-08 10:42:08] Status for task 2EJHOC265YNBHMYI: Code=200, Response={"code":200,"data":{"task_id":"2EJHOC265YNBHMYI","status":"running","files":[],"created_time":"2026-07-08T08:39:05","progress":0,"credits_amount":0}}
[2026-07-08 10:42:12] Status for task 2EJHOC265YNBHMYI: Code=200, Response={"code":200,"data":{"task_id":"2EJHOC265YNBHMYI","status":"running","files":[],"created_time":"2026-07-08T08:39:05","progress":0,"credits_amount":0}}
[2026-07-08 10:42:16] Status for task 2EJHOC265YNBHMYI: Code=200, Response={"code":200,"data":{"task_id":"2EJHOC265YNBHMYI","status":"running","files":[],"created_time":"2026-07-08T08:39:05","progress":0,"credits_amount":0}}
[2026-07-08 10:42:20] Status for task 2EJHOC265YNBHMYI: Code=200, Response={"code":200,"data":{"task_id":"2EJHOC265YNBHMYI","status":"running","files":[],"created_time":"2026-07-08T08:39:05","progress":0,"credits_amount":0}}
[2026-07-08 10:42:23] Status for task 2EJHOC265YNBHMYI: Code=200, Response={"code":200,"data":{"task_id":"2EJHOC265YNBHMYI","status":"running","files":[],"created_time":"2026-07-08T08:39:05","progress":0,"credits_amount":0}}
[2026-07-08 10:42:28] Status for task 2EJHOC265YNBHMYI: Code=200, Response={"code":200,"data":{"task_id":"2EJHOC265YNBHMYI","status":"running","files":[],"created_time":"2026-07-08T08:39:05","progress":0,"credits_amount":0}}
[2026-07-08 10:42:31] Status for task 2EJHOC265YNBHMYI: Code=200, Response={"code":200,"data":{"task_id":"2EJHOC265YNBHMYI","status":"running","files":[],"created_time":"2026-07-08T08:39:05","progress":0,"credits_amount":0}}
[2026-07-08 10:42:35] Status for task 2EJHOC265YNBHMYI: Code=200, Response={"code":200,"data":{"task_id":"2EJHOC265YNBHMYI","status":"running","files":[],"created_time":"2026-07-08T08:39:05","progress":0,"credits_amount":0}}
[2026-07-08 10:42:39] Status for task 2EJHOC265YNBHMYI: Code=200, Response={"code":200,"data":{"task_id":"2EJHOC265YNBHMYI","status":"running","files":[],"created_time":"2026-07-08T08:39:05","progress":0,"credits_amount":0}}
[2026-07-08 10:42:43] Status for task 2EJHOC265YNBHMYI: Code=200, Response={"code":200,"data":{"task_id":"2EJHOC265YNBHMYI","status":"running","files":[],"created_time":"2026-07-08T08:39:05","progress":0,"credits_amount":0}}
[2026-07-08 10:42:46] Status for task 2EJHOC265YNBHMYI: Code=200, Response={"code":200,"data":{"task_id":"2EJHOC265YNBHMYI","status":"running","files":[],"created_time":"2026-07-08T08:39:05","progress":0,"credits_amount":0}}
[2026-07-08 10:42:50] Status for task 2EJHOC265YNBHMYI: Code=200, Response={"code":200,"data":{"task_id":"2EJHOC265YNBHMYI","status":"running","files":[],"created_time":"2026-07-08T08:39:05","progress":0,"credits_amount":0}}
[2026-07-08 10:42:55] Status for task 2EJHOC265YNBHMYI: Code=200, Response={"code":200,"data":{"task_id":"2EJHOC265YNBHMYI","status":"running","files":[],"created_time":"2026-07-08T08:39:05","progress":0,"credits_amount":0}}
[2026-07-08 10:42:58] Status for task 2EJHOC265YNBHMYI: Code=200, Response={"code":200,"data":{"task_id":"2EJHOC265YNBHMYI","status":"running","files":[],"created_time":"2026-07-08T08:39:05","progress":0,"credits_amount":0}}
[2026-07-08 10:43:02] Status for task 2EJHOC265YNBHMYI: Code=200, Response={"code":200,"data":{"task_id":"2EJHOC265YNBHMYI","status":"running","files":[],"created_time":"2026-07-08T08:39:05","progress":0,"credits_amount":0}}
[2026-07-08 10:43:06] Status for task 2EJHOC265YNBHMYI: Code=200, Response={"code":200,"data":{"task_id":"2EJHOC265YNBHMYI","status":"running","files":[],"created_time":"2026-07-08T08:39:05","progress":0,"credits_amount":0}}
[2026-07-08 10:43:10] Status for task 2EJHOC265YNBHMYI: Code=200, Response={"code":200,"data":{"task_id":"2EJHOC265YNBHMYI","status":"running","files":[],"created_time":"2026-07-08T08:39:05","progress":0,"credits_amount":0}}
[2026-07-08 10:43:14] Status for task 2EJHOC265YNBHMYI: Code=200, Response={"code":200,"data":{"task_id":"2EJHOC265YNBHMYI","status":"running","files":[],"created_time":"2026-07-08T08:39:05","progress":0,"credits_amount":0}}
[2026-07-08 10:43:18] Status for task 2EJHOC265YNBHMYI: Code=200, Response={"code":200,"data":{"task_id":"2EJHOC265YNBHMYI","status":"running","files":[],"created_time":"2026-07-08T08:39:05","progress":0,"credits_amount":0}}
[2026-07-08 10:43:22] Status for task 2EJHOC265YNBHMYI: Code=200, Response={"code":200,"data":{"task_id":"2EJHOC265YNBHMYI","status":"running","files":[],"created_time":"2026-07-08T08:39:05","progress":0,"credits_amount":0}}
[2026-07-08 10:43:25] Status for task 2EJHOC265YNBHMYI: Code=200, Response={"code":200,"data":{"task_id":"2EJHOC265YNBHMYI","status":"running","files":[],"created_time":"2026-07-08T08:39:05","progress":0,"credits_amount":0}}
[2026-07-08 10:43:29] Status for task 2EJHOC265YNBHMYI: Code=200, Response={"code":200,"data":{"task_id":"2EJHOC265YNBHMYI","status":"running","files":[],"created_time":"2026-07-08T08:39:05","progress":0,"credits_amount":0}}
[2026-07-08 10:43:33] Status for task 2EJHOC265YNBHMYI: Code=200, Response={"code":200,"data":{"task_id":"2EJHOC265YNBHMYI","status":"running","files":[],"created_time":"2026-07-08T08:39:05","progress":0,"credits_amount":0}}
[2026-07-08 10:43:37] Status for task 2EJHOC265YNBHMYI: Code=200, Response={"code":200,"data":{"task_id":"2EJHOC265YNBHMYI","status":"running","files":[],"created_time":"2026-07-08T08:39:05","progress":0,"credits_amount":0}}
[2026-07-08 10:43:40] Status for task 2EJHOC265YNBHMYI: Code=200, Response={"code":200,"data":{"task_id":"2EJHOC265YNBHMYI","status":"running","files":[],"created_time":"2026-07-08T08:39:05","progress":0,"credits_amount":0}}
[2026-07-08 10:43:44] Status for task 2EJHOC265YNBHMYI: Code=200, Response={"code":200,"data":{"task_id":"2EJHOC265YNBHMYI","status":"running","files":[],"created_time":"2026-07-08T08:39:05","progress":0,"credits_amount":0}}
[2026-07-08 10:43:48] Status for task 2EJHOC265YNBHMYI: Code=200, Response={"code":200,"data":{"task_id":"2EJHOC265YNBHMYI","status":"running","files":[],"created_time":"2026-07-08T08:39:05","progress":0,"credits_amount":0}}
[2026-07-08 10:43:52] Status for task 2EJHOC265YNBHMYI: Code=200, Response={"code":200,"data":{"task_id":"2EJHOC265YNBHMYI","status":"running","files":[],"created_time":"2026-07-08T08:39:05","progress":0,"credits_amount":0}}
[2026-07-08 10:43:56] Status for task 2EJHOC265YNBHMYI: Code=200, Response={"code":200,"data":{"task_id":"2EJHOC265YNBHMYI","status":"running","files":[],"created_time":"2026-07-08T08:39:05","progress":0,"credits_amount":0}}
[2026-07-08 10:43:59] Status for task 2EJHOC265YNBHMYI: Code=200, Response={"code":200,"data":{"task_id":"2EJHOC265YNBHMYI","status":"running","files":[],"created_time":"2026-07-08T08:39:05","progress":0,"credits_amount":0}}
[2026-07-08 10:44:03] Status for task 2EJHOC265YNBHMYI: Code=200, Response={"code":200,"data":{"task_id":"2EJHOC265YNBHMYI","status":"running","files":[],"created_time":"2026-07-08T08:39:05","progress":0,"credits_amount":0}}
[2026-07-08 10:44:07] Status for task 2EJHOC265YNBHMYI: Code=200, Response={"code":200,"data":{"task_id":"2EJHOC265YNBHMYI","status":"running","files":[],"created_time":"2026-07-08T08:39:05","progress":0,"credits_amount":0}}
[2026-07-08 10:44:11] Status for task 2EJHOC265YNBHMYI: Code=200, Response={"code":200,"data":{"task_id":"2EJHOC265YNBHMYI","status":"running","files":[],"created_time":"2026-07-08T08:39:05","progress":0,"credits_amount":0}}
[2026-07-08 10:44:15] Status for task 2EJHOC265YNBHMYI: Code=200, Response={"code":200,"data":{"task_id":"2EJHOC265YNBHMYI","status":"running","files":[],"created_time":"2026-07-08T08:39:05","progress":0,"credits_amount":0}}
[2026-07-08 10:44:19] Status for task 2EJHOC265YNBHMYI: Code=200, Response={"code":200,"data":{"task_id":"2EJHOC265YNBHMYI","status":"running","files":[],"created_time":"2026-07-08T08:39:05","progress":0,"credits_amount":0}}
[2026-07-08 10:44:23] Status for task 2EJHOC265YNBHMYI: Code=200, Response={"code":200,"data":{"task_id":"2EJHOC265YNBHMYI","status":"running","files":[],"created_time":"2026-07-08T08:39:05","progress":0,"credits_amount":0}}
[2026-07-08 10:44:27] Status for task 2EJHOC265YNBHMYI: Code=200, Response={"code":200,"data":{"task_id":"2EJHOC265YNBHMYI","status":"running","files":[],"created_time":"2026-07-08T08:39:05","progress":0,"credits_amount":0}}
[2026-07-08 10:44:30] Status for task 2EJHOC265YNBHMYI: Code=200, Response={"code":200,"data":{"task_id":"2EJHOC265YNBHMYI","status":"running","files":[],"created_time":"2026-07-08T08:39:05","progress":0,"credits_amount":0}}
[2026-07-08 10:44:34] Status for task 2EJHOC265YNBHMYI: Code=200, Response={"code":200,"data":{"task_id":"2EJHOC265YNBHMYI","status":"running","files":[],"created_time":"2026-07-08T08:39:05","progress":0,"credits_amount":0}}
[2026-07-08 10:44:38] Status for task 2EJHOC265YNBHMYI: Code=200, Response={"code":200,"data":{"task_id":"2EJHOC265YNBHMYI","status":"running","files":[],"created_time":"2026-07-08T08:39:05","progress":0,"credits_amount":0}}
[2026-07-08 10:44:42] Status for task 2EJHOC265YNBHMYI: Code=200, Response={"code":200,"data":{"task_id":"2EJHOC265YNBHMYI","status":"running","files":[],"created_time":"2026-07-08T08:39:05","progress":0,"credits_amount":0}}
[2026-07-08 10:44:46] Status for task 2EJHOC265YNBHMYI: Code=200, Response={"code":200,"data":{"task_id":"2EJHOC265YNBHMYI","status":"running","files":[],"created_time":"2026-07-08T08:39:05","progress":0,"credits_amount":0}}
[2026-07-08 10:44:50] Status for task 2EJHOC265YNBHMYI: Code=200, Response={"code":200,"data":{"task_id":"2EJHOC265YNBHMYI","status":"running","files":[],"created_time":"2026-07-08T08:39:05","progress":0,"credits_amount":0}}
[2026-07-08 10:44:53] Status for task 2EJHOC265YNBHMYI: Code=200, Response={"code":200,"data":{"task_id":"2EJHOC265YNBHMYI","status":"running","files":[],"created_time":"2026-07-08T08:39:05","progress":0,"credits_amount":0}}
[2026-07-08 10:44:57] Status for task 2EJHOC265YNBHMYI: Code=200, Response={"code":200,"data":{"task_id":"2EJHOC265YNBHMYI","status":"running","files":[],"created_time":"2026-07-08T08:39:05","progress":0,"credits_amount":0}}
[2026-07-08 10:45:01] Status for task 2EJHOC265YNBHMYI: Code=200, Response={"code":200,"data":{"task_id":"2EJHOC265YNBHMYI","status":"running","files":[],"created_time":"2026-07-08T08:39:05","progress":0,"credits_amount":0}}
[2026-07-08 10:45:05] Status for task 2EJHOC265YNBHMYI: Code=200, Response={"code":200,"data":{"task_id":"2EJHOC265YNBHMYI","status":"running","files":[],"created_time":"2026-07-08T08:39:05","progress":0,"credits_amount":0}}
[2026-07-08 10:45:09] Status for task 2EJHOC265YNBHMYI: Code=200, Response={"code":200,"data":{"task_id":"2EJHOC265YNBHMYI","status":"running","files":[],"created_time":"2026-07-08T08:39:05","progress":0,"credits_amount":0}}
[2026-07-08 10:45:13] Status for task 2EJHOC265YNBHMYI: Code=200, Response={"code":200,"data":{"task_id":"2EJHOC265YNBHMYI","status":"running","files":[],"created_time":"2026-07-08T08:39:05","progress":0,"credits_amount":0}}
[2026-07-08 10:45:16] Status for task 2EJHOC265YNBHMYI: Code=200, Response={"code":200,"data":{"task_id":"2EJHOC265YNBHMYI","status":"running","files":[],"created_time":"2026-07-08T08:39:05","progress":0,"credits_amount":0}}
[2026-07-08 10:45:20] Status for task 2EJHOC265YNBHMYI: Code=200, Response={"code":200,"data":{"task_id":"2EJHOC265YNBHMYI","status":"running","files":[],"created_time":"2026-07-08T08:39:05","progress":0,"credits_amount":0}}
[2026-07-08 10:45:24] Status for task 2EJHOC265YNBHMYI: Code=200, Response={"code":200,"data":{"task_id":"2EJHOC265YNBHMYI","status":"running","files":[],"created_time":"2026-07-08T08:39:05","progress":0,"credits_amount":0}}
[2026-07-08 10:45:28] Status for task 2EJHOC265YNBHMYI: Code=200, Response={"code":200,"data":{"task_id":"2EJHOC265YNBHMYI","status":"running","files":[],"created_time":"2026-07-08T08:39:05","progress":0,"credits_amount":0}}
[2026-07-08 10:45:32] Status for task 2EJHOC265YNBHMYI: Code=200, Response={"code":200,"data":{"task_id":"2EJHOC265YNBHMYI","status":"running","files":[],"created_time":"2026-07-08T08:39:05","progress":0,"credits_amount":0}}
[2026-07-08 10:45:36] Status for task 2EJHOC265YNBHMYI: Code=200, Response={"code":200,"data":{"task_id":"2EJHOC265YNBHMYI","status":"running","files":[],"created_time":"2026-07-08T08:39:05","progress":0,"credits_amount":0}}
[2026-07-08 10:45:40] Status for task 2EJHOC265YNBHMYI: Code=200, Response={"code":200,"data":{"task_id":"2EJHOC265YNBHMYI","status":"running","files":[],"created_time":"2026-07-08T08:39:05","progress":0,"credits_amount":0}}
[2026-07-08 10:45:43] Status for task 2EJHOC265YNBHMYI: Code=200, Response={"code":200,"data":{"task_id":"2EJHOC265YNBHMYI","status":"running","files":[],"created_time":"2026-07-08T08:39:05","progress":0,"credits_amount":0}}
[2026-07-08 10:45:47] Status for task 2EJHOC265YNBHMYI: Code=200, Response={"code":200,"data":{"task_id":"2EJHOC265YNBHMYI","status":"running","files":[],"created_time":"2026-07-08T08:39:05","progress":0,"credits_amount":0}}
[2026-07-08 10:45:51] Status for task 2EJHOC265YNBHMYI: Code=200, Response={"code":200,"data":{"task_id":"2EJHOC265YNBHMYI","status":"running","files":[],"created_time":"2026-07-08T08:39:05","progress":0,"credits_amount":0}}
[2026-07-08 10:45:55] Status for task 2EJHOC265YNBHMYI: Code=200, Response={"code":200,"data":{"task_id":"2EJHOC265YNBHMYI","status":"running","files":[],"created_time":"2026-07-08T08:39:05","progress":0,"credits_amount":0}}
[2026-07-08 10:45:59] Status for task 2EJHOC265YNBHMYI: Code=200, Response={"code":200,"data":{"task_id":"2EJHOC265YNBHMYI","status":"running","files":[],"created_time":"2026-07-08T08:39:05","progress":0,"credits_amount":0}}
[2026-07-08 10:46:02] Status for task 2EJHOC265YNBHMYI: Code=200, Response={"code":200,"data":{"task_id":"2EJHOC265YNBHMYI","status":"running","files":[],"created_time":"2026-07-08T08:39:05","progress":0,"credits_amount":0}}
[2026-07-08 10:46:06] Status for task 2EJHOC265YNBHMYI: Code=200, Response={"code":200,"data":{"task_id":"2EJHOC265YNBHMYI","status":"running","files":[],"created_time":"2026-07-08T08:39:05","progress":0,"credits_amount":0}}
[2026-07-08 10:46:10] Status for task 2EJHOC265YNBHMYI: Code=200, Response={"code":200,"data":{"task_id":"2EJHOC265YNBHMYI","status":"running","files":[],"created_time":"2026-07-08T08:39:05","progress":0,"credits_amount":0}}
[2026-07-08 10:46:14] Status for task 2EJHOC265YNBHMYI: Code=200, Response={"code":200,"data":{"task_id":"2EJHOC265YNBHMYI","status":"running","files":[],"created_time":"2026-07-08T08:39:05","progress":0,"credits_amount":0}}
[2026-07-08 10:46:17] Status for task 2EJHOC265YNBHMYI: Code=200, Response={"code":200,"data":{"task_id":"2EJHOC265YNBHMYI","status":"running","files":[],"created_time":"2026-07-08T08:39:05","progress":0,"credits_amount":0}}
[2026-07-08 10:46:22] Status for task 2EJHOC265YNBHMYI: Code=200, Response={"code":200,"data":{"task_id":"2EJHOC265YNBHMYI","status":"running","files":[],"created_time":"2026-07-08T08:39:05","progress":0,"credits_amount":0}}
[2026-07-08 10:46:25] Status for task 2EJHOC265YNBHMYI: Code=200, Response={"code":200,"data":{"task_id":"2EJHOC265YNBHMYI","status":"running","files":[],"created_time":"2026-07-08T08:39:05","progress":0,"credits_amount":0}}
[2026-07-08 10:46:29] Status for task 2EJHOC265YNBHMYI: Code=200, Response={"code":200,"data":{"task_id":"2EJHOC265YNBHMYI","status":"running","files":[],"created_time":"2026-07-08T08:39:05","progress":0,"credits_amount":0}}
[2026-07-08 10:46:33] Status for task 2EJHOC265YNBHMYI: Code=200, Response={"code":200,"data":{"task_id":"2EJHOC265YNBHMYI","status":"running","files":[],"created_time":"2026-07-08T08:39:05","progress":0,"credits_amount":0}}
[2026-07-08 10:46:37] Status for task 2EJHOC265YNBHMYI: Code=200, Response={"code":200,"data":{"task_id":"2EJHOC265YNBHMYI","status":"running","files":[],"created_time":"2026-07-08T08:39:05","progress":0,"credits_amount":0}}
[2026-07-08 10:46:41] Status for task 2EJHOC265YNBHMYI: Code=200, Response={"code":200,"data":{"task_id":"2EJHOC265YNBHMYI","status":"running","files":[],"created_time":"2026-07-08T08:39:05","progress":0,"credits_amount":0}}
[2026-07-08 10:46:45] Status for task 2EJHOC265YNBHMYI: Code=200, Response={"code":200,"data":{"task_id":"2EJHOC265YNBHMYI","status":"running","files":[],"created_time":"2026-07-08T08:39:05","progress":0,"credits_amount":0}}
[2026-07-08 10:47:11] Submit task: Code=200, Response={"code":200,"data":{"task_id":"4W70966PQRSNV2YL","status":"not_started","created_time":"2026-07-08T08:47:12"}}
[2026-07-08 10:47:14] Status for task 4W70966PQRSNV2YL: Code=200, Response={"code":200,"data":{"task_id":"4W70966PQRSNV2YL","status":"running","files":[],"created_time":"2026-07-08T08:47:12","progress":0,"credits_amount":0}}
[2026-07-08 10:47:18] Status for task 4W70966PQRSNV2YL: Code=200, Response={"code":200,"data":{"task_id":"4W70966PQRSNV2YL","status":"running","files":[],"created_time":"2026-07-08T08:47:12","progress":0,"credits_amount":0}}
[2026-07-08 10:47:22] Status for task 4W70966PQRSNV2YL: Code=200, Response={"code":200,"data":{"task_id":"4W70966PQRSNV2YL","status":"running","files":[],"created_time":"2026-07-08T08:47:12","progress":0,"credits_amount":0}}
[2026-07-08 10:47:26] Status for task 4W70966PQRSNV2YL: Code=200, Response={"code":200,"data":{"task_id":"4W70966PQRSNV2YL","status":"running","files":[],"created_time":"2026-07-08T08:47:12","progress":0,"credits_amount":0}}
[2026-07-08 10:47:30] Status for task 4W70966PQRSNV2YL: Code=200, Response={"code":200,"data":{"task_id":"4W70966PQRSNV2YL","status":"running","files":[],"created_time":"2026-07-08T08:47:12","progress":0,"credits_amount":0}}
[2026-07-08 10:47:34] Status for task 4W70966PQRSNV2YL: Code=200, Response={"code":200,"data":{"task_id":"4W70966PQRSNV2YL","status":"running","files":[],"created_time":"2026-07-08T08:47:12","progress":0,"credits_amount":0}}
[2026-07-08 10:47:37] Status for task 4W70966PQRSNV2YL: Code=200, Response={"code":200,"data":{"task_id":"4W70966PQRSNV2YL","status":"running","files":[],"created_time":"2026-07-08T08:47:12","progress":25,"credits_amount":0}}
[2026-07-08 10:47:41] Status for task 4W70966PQRSNV2YL: Code=200, Response={"code":200,"data":{"task_id":"4W70966PQRSNV2YL","status":"running","files":[],"created_time":"2026-07-08T08:47:12","progress":25,"credits_amount":0}}
[2026-07-08 10:47:45] Status for task 4W70966PQRSNV2YL: Code=200, Response={"code":200,"data":{"task_id":"4W70966PQRSNV2YL","status":"running","files":[],"created_time":"2026-07-08T08:47:12","progress":43,"credits_amount":0}}
[2026-07-08 10:47:49] Status for task 4W70966PQRSNV2YL: Code=200, Response={"code":200,"data":{"task_id":"4W70966PQRSNV2YL","status":"running","files":[],"created_time":"2026-07-08T08:47:12","progress":43,"credits_amount":0}}
[2026-07-08 10:47:52] Status for task 4W70966PQRSNV2YL: Code=200, Response={"code":200,"data":{"task_id":"4W70966PQRSNV2YL","status":"running","files":[],"created_time":"2026-07-08T08:47:12","progress":43,"credits_amount":0}}
[2026-07-08 10:47:56] Status for task 4W70966PQRSNV2YL: Code=200, Response={"code":200,"data":{"task_id":"4W70966PQRSNV2YL","status":"running","files":[],"created_time":"2026-07-08T08:47:12","progress":43,"credits_amount":0}}
[2026-07-08 10:48:00] Status for task 4W70966PQRSNV2YL: Code=200, Response={"code":200,"data":{"task_id":"4W70966PQRSNV2YL","status":"running","files":[],"created_time":"2026-07-08T08:47:12","progress":95,"credits_amount":0}}
[2026-07-08 10:48:04] Status for task 4W70966PQRSNV2YL: Code=200, Response={"code":200,"data":{"task_id":"4W70966PQRSNV2YL","status":"running","files":[],"created_time":"2026-07-08T08:47:12","progress":100,"credits_amount":0}}
[2026-07-08 10:48:08] Status for task 4W70966PQRSNV2YL: Code=200, Response={"code":200,"data":{"task_id":"4W70966PQRSNV2YL","status":"finished","files":[{"file_url":"https:\/\/cdn.doculator.org\/images\/4W70966PQRSNV2YL\/image_20260708084805_nGvTr7.png","file_type":"image"}],"created_time":"2026-07-08T08:47:12","progress":100,"credits_amount":2}}
[2026-07-08 10:48:39] Submit task: Code=200, Response={"code":200,"data":{"task_id":"TUDCMRY9EVIFA9DT","status":"not_started","created_time":"2026-07-08T08:48:41"}}
[2026-07-08 10:48:43] Status for task TUDCMRY9EVIFA9DT: Code=200, Response={"code":200,"data":{"task_id":"TUDCMRY9EVIFA9DT","status":"running","files":[],"created_time":"2026-07-08T08:48:41","progress":0,"credits_amount":0}}
[2026-07-08 10:48:47] Status for task TUDCMRY9EVIFA9DT: Code=200, Response={"code":200,"data":{"task_id":"TUDCMRY9EVIFA9DT","status":"running","files":[],"created_time":"2026-07-08T08:48:41","progress":0,"credits_amount":0}}
[2026-07-08 10:48:51] Status for task TUDCMRY9EVIFA9DT: Code=200, Response={"code":200,"data":{"task_id":"TUDCMRY9EVIFA9DT","status":"running","files":[],"created_time":"2026-07-08T08:48:41","progress":0,"credits_amount":0}}
[2026-07-08 10:48:55] Status for task TUDCMRY9EVIFA9DT: Code=200, Response={"code":200,"data":{"task_id":"TUDCMRY9EVIFA9DT","status":"running","files":[],"created_time":"2026-07-08T08:48:41","progress":0,"credits_amount":0}}
[2026-07-08 10:48:59] Status for task TUDCMRY9EVIFA9DT: Code=200, Response={"code":200,"data":{"task_id":"TUDCMRY9EVIFA9DT","status":"running","files":[],"created_time":"2026-07-08T08:48:41","progress":0,"credits_amount":0}}
[2026-07-08 10:49:03] Status for task TUDCMRY9EVIFA9DT: Code=200, Response={"code":200,"data":{"task_id":"TUDCMRY9EVIFA9DT","status":"running","files":[],"created_time":"2026-07-08T08:48:41","progress":0,"credits_amount":0}}
[2026-07-08 10:49:06] Status for task TUDCMRY9EVIFA9DT: Code=200, Response={"code":200,"data":{"task_id":"TUDCMRY9EVIFA9DT","status":"running","files":[],"created_time":"2026-07-08T08:48:41","progress":0,"credits_amount":0}}
[2026-07-08 10:49:10] Status for task TUDCMRY9EVIFA9DT: Code=200, Response={"code":200,"data":{"task_id":"TUDCMRY9EVIFA9DT","status":"running","files":[],"created_time":"2026-07-08T08:48:41","progress":0,"credits_amount":0}}
[2026-07-08 10:49:14] Status for task TUDCMRY9EVIFA9DT: Code=200, Response={"code":200,"data":{"task_id":"TUDCMRY9EVIFA9DT","status":"running","files":[],"created_time":"2026-07-08T08:48:41","progress":0,"credits_amount":0}}
[2026-07-08 10:49:18] Status for task TUDCMRY9EVIFA9DT: Code=200, Response={"code":200,"data":{"task_id":"TUDCMRY9EVIFA9DT","status":"running","files":[],"created_time":"2026-07-08T08:48:41","progress":0,"credits_amount":0}}
[2026-07-08 10:49:22] Status for task TUDCMRY9EVIFA9DT: Code=200, Response={"code":200,"data":{"task_id":"TUDCMRY9EVIFA9DT","status":"running","files":[],"created_time":"2026-07-08T08:48:41","progress":0,"credits_amount":0}}
[2026-07-08 10:49:26] Status for task TUDCMRY9EVIFA9DT: Code=200, Response={"code":200,"data":{"task_id":"TUDCMRY9EVIFA9DT","status":"running","files":[],"created_time":"2026-07-08T08:48:41","progress":0,"credits_amount":0}}
[2026-07-08 10:49:30] Status for task TUDCMRY9EVIFA9DT: Code=200, Response={"code":200,"data":{"task_id":"TUDCMRY9EVIFA9DT","status":"running","files":[],"created_time":"2026-07-08T08:48:41","progress":0,"credits_amount":0}}
[2026-07-08 10:49:34] Status for task TUDCMRY9EVIFA9DT: Code=200, Response={"code":200,"data":{"task_id":"TUDCMRY9EVIFA9DT","status":"running","files":[],"created_time":"2026-07-08T08:48:41","progress":0,"credits_amount":0}}
[2026-07-08 10:49:38] Status for task TUDCMRY9EVIFA9DT: Code=200, Response={"code":200,"data":{"task_id":"TUDCMRY9EVIFA9DT","status":"running","files":[],"created_time":"2026-07-08T08:48:41","progress":0,"credits_amount":0}}
[2026-07-08 10:49:41] Status for task TUDCMRY9EVIFA9DT: Code=200, Response={"code":200,"data":{"task_id":"TUDCMRY9EVIFA9DT","status":"running","files":[],"created_time":"2026-07-08T08:48:41","progress":0,"credits_amount":0}}
[2026-07-08 10:49:46] Status for task TUDCMRY9EVIFA9DT: Code=200, Response={"code":200,"data":{"task_id":"TUDCMRY9EVIFA9DT","status":"running","files":[],"created_time":"2026-07-08T08:48:41","progress":0,"credits_amount":0}}
[2026-07-08 10:49:50] Status for task TUDCMRY9EVIFA9DT: Code=200, Response={"code":200,"data":{"task_id":"TUDCMRY9EVIFA9DT","status":"running","files":[],"created_time":"2026-07-08T08:48:41","progress":0,"credits_amount":0}}
[2026-07-08 10:49:54] Status for task TUDCMRY9EVIFA9DT: Code=200, Response={"code":200,"data":{"task_id":"TUDCMRY9EVIFA9DT","status":"running","files":[],"created_time":"2026-07-08T08:48:41","progress":0,"credits_amount":0}}
[2026-07-08 10:49:57] Status for task TUDCMRY9EVIFA9DT: Code=200, Response={"code":200,"data":{"task_id":"TUDCMRY9EVIFA9DT","status":"running","files":[],"created_time":"2026-07-08T08:48:41","progress":0,"credits_amount":0}}
[2026-07-08 10:50:01] Status for task TUDCMRY9EVIFA9DT: Code=200, Response={"code":200,"data":{"task_id":"TUDCMRY9EVIFA9DT","status":"running","files":[],"created_time":"2026-07-08T08:48:41","progress":0,"credits_amount":0}}
[2026-07-08 10:50:05] Status for task TUDCMRY9EVIFA9DT: Code=200, Response={"code":200,"data":{"task_id":"TUDCMRY9EVIFA9DT","status":"running","files":[],"created_time":"2026-07-08T08:48:41","progress":0,"credits_amount":0}}
[2026-07-08 10:50:09] Status for task TUDCMRY9EVIFA9DT: Code=200, Response={"code":200,"data":{"task_id":"TUDCMRY9EVIFA9DT","status":"running","files":[],"created_time":"2026-07-08T08:48:41","progress":0,"credits_amount":0}}
[2026-07-08 10:50:12] Status for task TUDCMRY9EVIFA9DT: Code=200, Response={"code":200,"data":{"task_id":"TUDCMRY9EVIFA9DT","status":"running","files":[],"created_time":"2026-07-08T08:48:41","progress":0,"credits_amount":0}}
[2026-07-08 10:50:16] Status for task TUDCMRY9EVIFA9DT: Code=200, Response={"code":200,"data":{"task_id":"TUDCMRY9EVIFA9DT","status":"running","files":[],"created_time":"2026-07-08T08:48:41","progress":0,"credits_amount":0}}
[2026-07-08 10:50:20] Status for task TUDCMRY9EVIFA9DT: Code=200, Response={"code":200,"data":{"task_id":"TUDCMRY9EVIFA9DT","status":"running","files":[],"created_time":"2026-07-08T08:48:41","progress":0,"credits_amount":0}}
[2026-07-08 10:50:24] Status for task TUDCMRY9EVIFA9DT: Code=200, Response={"code":200,"data":{"task_id":"TUDCMRY9EVIFA9DT","status":"running","files":[],"created_time":"2026-07-08T08:48:41","progress":0,"credits_amount":0}}
[2026-07-08 10:50:28] Status for task TUDCMRY9EVIFA9DT: Code=200, Response={"code":200,"data":{"task_id":"TUDCMRY9EVIFA9DT","status":"running","files":[],"created_time":"2026-07-08T08:48:41","progress":0,"credits_amount":0}}
[2026-07-08 10:50:31] Status for task TUDCMRY9EVIFA9DT: Code=200, Response={"code":200,"data":{"task_id":"TUDCMRY9EVIFA9DT","status":"running","files":[],"created_time":"2026-07-08T08:48:41","progress":0,"credits_amount":0}}
[2026-07-08 10:50:35] Status for task TUDCMRY9EVIFA9DT: Code=200, Response={"code":200,"data":{"task_id":"TUDCMRY9EVIFA9DT","status":"running","files":[],"created_time":"2026-07-08T08:48:41","progress":0,"credits_amount":0}}
[2026-07-08 10:50:39] Status for task TUDCMRY9EVIFA9DT: Code=200, Response={"code":200,"data":{"task_id":"TUDCMRY9EVIFA9DT","status":"running","files":[],"created_time":"2026-07-08T08:48:41","progress":0,"credits_amount":0}}
[2026-07-08 10:50:43] Status for task TUDCMRY9EVIFA9DT: Code=200, Response={"code":200,"data":{"task_id":"TUDCMRY9EVIFA9DT","status":"running","files":[],"created_time":"2026-07-08T08:48:41","progress":0,"credits_amount":0}}
[2026-07-08 10:50:46] Status for task TUDCMRY9EVIFA9DT: Code=200, Response={"code":200,"data":{"task_id":"TUDCMRY9EVIFA9DT","status":"running","files":[],"created_time":"2026-07-08T08:48:41","progress":0,"credits_amount":0}}
[2026-07-08 10:50:50] Status for task TUDCMRY9EVIFA9DT: Code=200, Response={"code":200,"data":{"task_id":"TUDCMRY9EVIFA9DT","status":"running","files":[],"created_time":"2026-07-08T08:48:41","progress":0,"credits_amount":0}}
[2026-07-08 10:50:54] Status for task TUDCMRY9EVIFA9DT: Code=200, Response={"code":200,"data":{"task_id":"TUDCMRY9EVIFA9DT","status":"running","files":[],"created_time":"2026-07-08T08:48:41","progress":0,"credits_amount":0}}
[2026-07-08 10:50:58] Status for task TUDCMRY9EVIFA9DT: Code=200, Response={"code":200,"data":{"task_id":"TUDCMRY9EVIFA9DT","status":"running","files":[],"created_time":"2026-07-08T08:48:41","progress":0,"credits_amount":0}}
[2026-07-08 10:51:02] Status for task TUDCMRY9EVIFA9DT: Code=200, Response={"code":200,"data":{"task_id":"TUDCMRY9EVIFA9DT","status":"running","files":[],"created_time":"2026-07-08T08:48:41","progress":0,"credits_amount":0}}
[2026-07-08 10:51:05] Status for task TUDCMRY9EVIFA9DT: Code=200, Response={"code":200,"data":{"task_id":"TUDCMRY9EVIFA9DT","status":"running","files":[],"created_time":"2026-07-08T08:48:41","progress":0,"credits_amount":0}}
[2026-07-08 10:51:09] Status for task TUDCMRY9EVIFA9DT: Code=200, Response={"code":200,"data":{"task_id":"TUDCMRY9EVIFA9DT","status":"running","files":[],"created_time":"2026-07-08T08:48:41","progress":0,"credits_amount":0}}
[2026-07-08 10:51:13] Status for task TUDCMRY9EVIFA9DT: Code=200, Response={"code":200,"data":{"task_id":"TUDCMRY9EVIFA9DT","status":"running","files":[],"created_time":"2026-07-08T08:48:41","progress":0,"credits_amount":0}}
[2026-07-08 10:51:17] Status for task TUDCMRY9EVIFA9DT: Code=200, Response={"code":200,"data":{"task_id":"TUDCMRY9EVIFA9DT","status":"running","files":[],"created_time":"2026-07-08T08:48:41","progress":0,"credits_amount":0}}
[2026-07-08 10:51:21] Status for task TUDCMRY9EVIFA9DT: Code=200, Response={"code":200,"data":{"task_id":"TUDCMRY9EVIFA9DT","status":"running","files":[],"created_time":"2026-07-08T08:48:41","progress":0,"credits_amount":0}}
[2026-07-08 10:51:25] Status for task TUDCMRY9EVIFA9DT: Code=200, Response={"code":200,"data":{"task_id":"TUDCMRY9EVIFA9DT","status":"running","files":[],"created_time":"2026-07-08T08:48:41","progress":0,"credits_amount":0}}
[2026-07-08 10:51:28] Status for task TUDCMRY9EVIFA9DT: Code=200, Response={"code":200,"data":{"task_id":"TUDCMRY9EVIFA9DT","status":"running","files":[],"created_time":"2026-07-08T08:48:41","progress":0,"credits_amount":0}}
[2026-07-08 10:51:32] Status for task TUDCMRY9EVIFA9DT: Code=200, Response={"code":200,"data":{"task_id":"TUDCMRY9EVIFA9DT","status":"running","files":[],"created_time":"2026-07-08T08:48:41","progress":0,"credits_amount":0}}
[2026-07-08 10:51:36] Status for task TUDCMRY9EVIFA9DT: Code=200, Response={"code":200,"data":{"task_id":"TUDCMRY9EVIFA9DT","status":"running","files":[],"created_time":"2026-07-08T08:48:41","progress":0,"credits_amount":0}}
[2026-07-08 10:51:40] Status for task TUDCMRY9EVIFA9DT: Code=200, Response={"code":200,"data":{"task_id":"TUDCMRY9EVIFA9DT","status":"running","files":[],"created_time":"2026-07-08T08:48:41","progress":0,"credits_amount":0}}
[2026-07-08 10:51:44] Status for task TUDCMRY9EVIFA9DT: Code=200, Response={"code":200,"data":{"task_id":"TUDCMRY9EVIFA9DT","status":"running","files":[],"created_time":"2026-07-08T08:48:41","progress":0,"credits_amount":0}}
[2026-07-08 10:51:47] Status for task TUDCMRY9EVIFA9DT: Code=200, Response={"code":200,"data":{"task_id":"TUDCMRY9EVIFA9DT","status":"running","files":[],"created_time":"2026-07-08T08:48:41","progress":0,"credits_amount":0}}
[2026-07-08 10:51:51] Status for task TUDCMRY9EVIFA9DT: Code=200, Response={"code":200,"data":{"task_id":"TUDCMRY9EVIFA9DT","status":"running","files":[],"created_time":"2026-07-08T08:48:41","progress":0,"credits_amount":0}}
[2026-07-08 10:51:55] Status for task TUDCMRY9EVIFA9DT: Code=200, Response={"code":200,"data":{"task_id":"TUDCMRY9EVIFA9DT","status":"running","files":[],"created_time":"2026-07-08T08:48:41","progress":0,"credits_amount":0}}
[2026-07-08 10:51:59] Status for task TUDCMRY9EVIFA9DT: Code=200, Response={"code":200,"data":{"task_id":"TUDCMRY9EVIFA9DT","status":"running","files":[],"created_time":"2026-07-08T08:48:41","progress":0,"credits_amount":0}}
[2026-07-08 10:52:03] Status for task TUDCMRY9EVIFA9DT: Code=200, Response={"code":200,"data":{"task_id":"TUDCMRY9EVIFA9DT","status":"running","files":[],"created_time":"2026-07-08T08:48:41","progress":0,"credits_amount":0}}
[2026-07-08 10:52:06] Status for task TUDCMRY9EVIFA9DT: Code=200, Response={"code":200,"data":{"task_id":"TUDCMRY9EVIFA9DT","status":"running","files":[],"created_time":"2026-07-08T08:48:41","progress":0,"credits_amount":0}}
[2026-07-08 10:52:10] Status for task TUDCMRY9EVIFA9DT: Code=200, Response={"code":200,"data":{"task_id":"TUDCMRY9EVIFA9DT","status":"running","files":[],"created_time":"2026-07-08T08:48:41","progress":0,"credits_amount":0}}
[2026-07-08 10:52:14] Status for task TUDCMRY9EVIFA9DT: Code=200, Response={"code":200,"data":{"task_id":"TUDCMRY9EVIFA9DT","status":"running","files":[],"created_time":"2026-07-08T08:48:41","progress":0,"credits_amount":0}}
[2026-07-08 10:52:18] Status for task TUDCMRY9EVIFA9DT: Code=200, Response={"code":200,"data":{"task_id":"TUDCMRY9EVIFA9DT","status":"running","files":[],"created_time":"2026-07-08T08:48:41","progress":0,"credits_amount":0}}
[2026-07-08 12:00:33] Submit task: Code=200, Response={"code":200,"data":{"task_id":"MHC9UUBZM26CNVPH","status":"not_started","created_time":"2026-07-08T10:00:35"}}
[2026-07-08 12:00:37] Status for task MHC9UUBZM26CNVPH: Code=200, Response={"code":200,"data":{"task_id":"MHC9UUBZM26CNVPH","status":"running","files":[],"created_time":"2026-07-08T10:00:35","progress":0,"credits_amount":0}}
[2026-07-08 12:00:41] Status for task MHC9UUBZM26CNVPH: Code=200, Response={"code":200,"data":{"task_id":"MHC9UUBZM26CNVPH","status":"running","files":[],"created_time":"2026-07-08T10:00:35","progress":0,"credits_amount":0}}
[2026-07-08 12:00:44] Status for task MHC9UUBZM26CNVPH: Code=200, Response={"code":200,"data":{"task_id":"MHC9UUBZM26CNVPH","status":"running","files":[],"created_time":"2026-07-08T10:00:35","progress":0,"credits_amount":0}}
[2026-07-08 12:00:48] Status for task MHC9UUBZM26CNVPH: Code=200, Response={"code":200,"data":{"task_id":"MHC9UUBZM26CNVPH","status":"running","files":[],"created_time":"2026-07-08T10:00:35","progress":0,"credits_amount":0}}
[2026-07-08 12:00:52] Status for task MHC9UUBZM26CNVPH: Code=200, Response={"code":200,"data":{"task_id":"MHC9UUBZM26CNVPH","status":"running","files":[],"created_time":"2026-07-08T10:00:35","progress":0,"credits_amount":0}}
[2026-07-08 12:00:56] Status for task MHC9UUBZM26CNVPH: Code=200, Response={"code":200,"data":{"task_id":"MHC9UUBZM26CNVPH","status":"running","files":[],"created_time":"2026-07-08T10:00:35","progress":25,"credits_amount":0}}
[2026-07-08 12:00:59] Status for task MHC9UUBZM26CNVPH: Code=200, Response={"code":200,"data":{"task_id":"MHC9UUBZM26CNVPH","status":"running","files":[],"created_time":"2026-07-08T10:00:35","progress":25,"credits_amount":0}}
[2026-07-08 12:01:03] Status for task MHC9UUBZM26CNVPH: Code=200, Response={"code":200,"data":{"task_id":"MHC9UUBZM26CNVPH","status":"running","files":[],"created_time":"2026-07-08T10:00:35","progress":25,"credits_amount":0}}
[2026-07-08 12:01:07] Status for task MHC9UUBZM26CNVPH: Code=200, Response={"code":200,"data":{"task_id":"MHC9UUBZM26CNVPH","status":"running","files":[],"created_time":"2026-07-08T10:00:35","progress":43,"credits_amount":0}}
[2026-07-08 12:01:10] Status for task MHC9UUBZM26CNVPH: Code=200, Response={"code":200,"data":{"task_id":"MHC9UUBZM26CNVPH","status":"running","files":[],"created_time":"2026-07-08T10:00:35","progress":43,"credits_amount":0}}
[2026-07-08 12:01:14] Status for task MHC9UUBZM26CNVPH: Code=200, Response={"code":200,"data":{"task_id":"MHC9UUBZM26CNVPH","status":"running","files":[],"created_time":"2026-07-08T10:00:35","progress":43,"credits_amount":0}}
[2026-07-08 12:01:19] Status for task MHC9UUBZM26CNVPH: Code=200, Response={"code":200,"data":{"task_id":"MHC9UUBZM26CNVPH","status":"running","files":[],"created_time":"2026-07-08T10:00:35","progress":95,"credits_amount":0}}
[2026-07-08 12:01:23] Status for task MHC9UUBZM26CNVPH: Code=200, Response={"code":200,"data":{"task_id":"MHC9UUBZM26CNVPH","status":"running","files":[],"created_time":"2026-07-08T10:00:35","progress":100,"credits_amount":0}}
[2026-07-08 12:01:26] Status for task MHC9UUBZM26CNVPH: Code=200, Response={"code":200,"data":{"task_id":"MHC9UUBZM26CNVPH","status":"finished","files":[{"file_url":"https:\/\/cdn.doculator.org\/images\/MHC9UUBZM26CNVPH\/image_20260708100123_3o8RgH.png","file_type":"image"}],"created_time":"2026-07-08T10:00:35","progress":100,"credits_amount":2}}
[2026-07-08 12:01:53] Submit task: Code=200, Response={"code":200,"data":{"task_id":"YE4J4H27DPF84ITK","status":"not_started","created_time":"2026-07-08T10:01:55"}}
[2026-07-08 12:01:57] Status for task YE4J4H27DPF84ITK: Code=200, Response={"code":200,"data":{"task_id":"YE4J4H27DPF84ITK","status":"not_started","files":[],"created_time":"2026-07-08T10:01:55","progress":0,"credits_amount":0}}
[2026-07-08 12:02:01] Status for task YE4J4H27DPF84ITK: Code=200, Response={"code":200,"data":{"task_id":"YE4J4H27DPF84ITK","status":"running","files":[],"created_time":"2026-07-08T10:01:55","progress":0,"credits_amount":0}}
[2026-07-08 12:02:04] Status for task YE4J4H27DPF84ITK: Code=200, Response={"code":200,"data":{"task_id":"YE4J4H27DPF84ITK","status":"running","files":[],"created_time":"2026-07-08T10:01:55","progress":0,"credits_amount":0}}
[2026-07-08 12:02:08] Status for task YE4J4H27DPF84ITK: Code=200, Response={"code":200,"data":{"task_id":"YE4J4H27DPF84ITK","status":"running","files":[],"created_time":"2026-07-08T10:01:55","progress":0,"credits_amount":0}}
[2026-07-08 12:02:12] Status for task YE4J4H27DPF84ITK: Code=200, Response={"code":200,"data":{"task_id":"YE4J4H27DPF84ITK","status":"running","files":[],"created_time":"2026-07-08T10:01:55","progress":0,"credits_amount":0}}
[2026-07-08 12:02:16] Status for task YE4J4H27DPF84ITK: Code=200, Response={"code":200,"data":{"task_id":"YE4J4H27DPF84ITK","status":"running","files":[],"created_time":"2026-07-08T10:01:55","progress":0,"credits_amount":0}}
[2026-07-08 12:02:19] Status for task YE4J4H27DPF84ITK: Code=200, Response={"code":200,"data":{"task_id":"YE4J4H27DPF84ITK","status":"running","files":[],"created_time":"2026-07-08T10:01:55","progress":0,"credits_amount":0}}
[2026-07-08 12:02:23] Status for task YE4J4H27DPF84ITK: Code=200, Response={"code":200,"data":{"task_id":"YE4J4H27DPF84ITK","status":"running","files":[],"created_time":"2026-07-08T10:01:55","progress":0,"credits_amount":0}}
[2026-07-08 12:02:26] Status for task YE4J4H27DPF84ITK: Code=200, Response={"code":200,"data":{"task_id":"YE4J4H27DPF84ITK","status":"running","files":[],"created_time":"2026-07-08T10:01:55","progress":0,"credits_amount":0}}
[2026-07-08 12:02:32] Status for task YE4J4H27DPF84ITK: Code=200, Response={"code":200,"data":{"task_id":"YE4J4H27DPF84ITK","status":"running","files":[],"created_time":"2026-07-08T10:01:55","progress":0,"credits_amount":0}}
[2026-07-08 12:02:35] Status for task YE4J4H27DPF84ITK: Code=200, Response={"code":200,"data":{"task_id":"YE4J4H27DPF84ITK","status":"running","files":[],"created_time":"2026-07-08T10:01:55","progress":0,"credits_amount":0}}
[2026-07-08 12:02:39] Status for task YE4J4H27DPF84ITK: Code=200, Response={"code":200,"data":{"task_id":"YE4J4H27DPF84ITK","status":"running","files":[],"created_time":"2026-07-08T10:01:55","progress":0,"credits_amount":0}}
[2026-07-08 12:02:43] Status for task YE4J4H27DPF84ITK: Code=200, Response={"code":200,"data":{"task_id":"YE4J4H27DPF84ITK","status":"running","files":[],"created_time":"2026-07-08T10:01:55","progress":0,"credits_amount":0}}
[2026-07-08 12:02:47] Status for task YE4J4H27DPF84ITK: Code=200, Response={"code":200,"data":{"task_id":"YE4J4H27DPF84ITK","status":"running","files":[],"created_time":"2026-07-08T10:01:55","progress":0,"credits_amount":0}}
[2026-07-08 12:02:51] Status for task YE4J4H27DPF84ITK: Code=200, Response={"code":200,"data":{"task_id":"YE4J4H27DPF84ITK","status":"running","files":[],"created_time":"2026-07-08T10:01:55","progress":0,"credits_amount":0}}
[2026-07-08 12:02:54] Status for task YE4J4H27DPF84ITK: Code=200, Response={"code":200,"data":{"task_id":"YE4J4H27DPF84ITK","status":"running","files":[],"created_time":"2026-07-08T10:01:55","progress":0,"credits_amount":0}}
[2026-07-08 12:02:58] Status for task YE4J4H27DPF84ITK: Code=200, Response={"code":200,"data":{"task_id":"YE4J4H27DPF84ITK","status":"running","files":[],"created_time":"2026-07-08T10:01:55","progress":0,"credits_amount":0}}
[2026-07-08 12:03:02] Status for task YE4J4H27DPF84ITK: Code=200, Response={"code":200,"data":{"task_id":"YE4J4H27DPF84ITK","status":"running","files":[],"created_time":"2026-07-08T10:01:55","progress":0,"credits_amount":0}}
[2026-07-08 12:03:05] Status for task YE4J4H27DPF84ITK: Code=200, Response={"code":200,"data":{"task_id":"YE4J4H27DPF84ITK","status":"running","files":[],"created_time":"2026-07-08T10:01:55","progress":0,"credits_amount":0}}
[2026-07-08 12:03:09] Status for task YE4J4H27DPF84ITK: Code=200, Response={"code":200,"data":{"task_id":"YE4J4H27DPF84ITK","status":"running","files":[],"created_time":"2026-07-08T10:01:55","progress":0,"credits_amount":0}}
[2026-07-08 12:03:13] Status for task YE4J4H27DPF84ITK: Code=200, Response={"code":200,"data":{"task_id":"YE4J4H27DPF84ITK","status":"running","files":[],"created_time":"2026-07-08T10:01:55","progress":0,"credits_amount":0}}
[2026-07-08 12:03:17] Status for task YE4J4H27DPF84ITK: Code=200, Response={"code":200,"data":{"task_id":"YE4J4H27DPF84ITK","status":"running","files":[],"created_time":"2026-07-08T10:01:55","progress":0,"credits_amount":0}}
[2026-07-08 12:03:21] Status for task YE4J4H27DPF84ITK: Code=200, Response={"code":200,"data":{"task_id":"YE4J4H27DPF84ITK","status":"running","files":[],"created_time":"2026-07-08T10:01:55","progress":0,"credits_amount":0}}
[2026-07-08 12:03:25] Status for task YE4J4H27DPF84ITK: Code=200, Response={"code":200,"data":{"task_id":"YE4J4H27DPF84ITK","status":"running","files":[],"created_time":"2026-07-08T10:01:55","progress":0,"credits_amount":0}}
[2026-07-08 12:03:28] Status for task YE4J4H27DPF84ITK: Code=200, Response={"code":200,"data":{"task_id":"YE4J4H27DPF84ITK","status":"running","files":[],"created_time":"2026-07-08T10:01:55","progress":0,"credits_amount":0}}
[2026-07-08 12:03:32] Status for task YE4J4H27DPF84ITK: Code=200, Response={"code":200,"data":{"task_id":"YE4J4H27DPF84ITK","status":"running","files":[],"created_time":"2026-07-08T10:01:55","progress":0,"credits_amount":0}}
[2026-07-08 12:03:36] Status for task YE4J4H27DPF84ITK: Code=200, Response={"code":200,"data":{"task_id":"YE4J4H27DPF84ITK","status":"running","files":[],"created_time":"2026-07-08T10:01:55","progress":0,"credits_amount":0}}
[2026-07-08 12:03:39] Status for task YE4J4H27DPF84ITK: Code=200, Response={"code":200,"data":{"task_id":"YE4J4H27DPF84ITK","status":"running","files":[],"created_time":"2026-07-08T10:01:55","progress":0,"credits_amount":0}}
[2026-07-08 12:03:43] Status for task YE4J4H27DPF84ITK: Code=200, Response={"code":200,"data":{"task_id":"YE4J4H27DPF84ITK","status":"running","files":[],"created_time":"2026-07-08T10:01:55","progress":0,"credits_amount":0}}
[2026-07-08 12:03:47] Status for task YE4J4H27DPF84ITK: Code=200, Response={"code":200,"data":{"task_id":"YE4J4H27DPF84ITK","status":"running","files":[],"created_time":"2026-07-08T10:01:55","progress":0,"credits_amount":0}}
[2026-07-08 12:03:50] Status for task YE4J4H27DPF84ITK: Code=200, Response={"code":200,"data":{"task_id":"YE4J4H27DPF84ITK","status":"running","files":[],"created_time":"2026-07-08T10:01:55","progress":0,"credits_amount":0}}
[2026-07-08 12:03:54] Status for task YE4J4H27DPF84ITK: Code=200, Response={"code":200,"data":{"task_id":"YE4J4H27DPF84ITK","status":"running","files":[],"created_time":"2026-07-08T10:01:55","progress":0,"credits_amount":0}}
[2026-07-08 12:03:58] Status for task YE4J4H27DPF84ITK: Code=200, Response={"code":200,"data":{"task_id":"YE4J4H27DPF84ITK","status":"running","files":[],"created_time":"2026-07-08T10:01:55","progress":0,"credits_amount":0}}
[2026-07-08 12:04:01] Status for task YE4J4H27DPF84ITK: Code=200, Response={"code":200,"data":{"task_id":"YE4J4H27DPF84ITK","status":"running","files":[],"created_time":"2026-07-08T10:01:55","progress":0,"credits_amount":0}}
[2026-07-08 12:04:05] Status for task YE4J4H27DPF84ITK: Code=200, Response={"code":200,"data":{"task_id":"YE4J4H27DPF84ITK","status":"running","files":[],"created_time":"2026-07-08T10:01:55","progress":0,"credits_amount":0}}
[2026-07-08 12:04:09] Status for task YE4J4H27DPF84ITK: Code=200, Response={"code":200,"data":{"task_id":"YE4J4H27DPF84ITK","status":"running","files":[],"created_time":"2026-07-08T10:01:55","progress":0,"credits_amount":0}}
[2026-07-08 12:04:12] Status for task YE4J4H27DPF84ITK: Code=200, Response={"code":200,"data":{"task_id":"YE4J4H27DPF84ITK","status":"running","files":[],"created_time":"2026-07-08T10:01:55","progress":0,"credits_amount":0}}
[2026-07-08 12:04:17] Status for task YE4J4H27DPF84ITK: Code=200, Response={"code":200,"data":{"task_id":"YE4J4H27DPF84ITK","status":"running","files":[],"created_time":"2026-07-08T10:01:55","progress":0,"credits_amount":0}}
[2026-07-08 12:04:20] Status for task YE4J4H27DPF84ITK: Code=200, Response={"code":200,"data":{"task_id":"YE4J4H27DPF84ITK","status":"running","files":[],"created_time":"2026-07-08T10:01:55","progress":0,"credits_amount":0}}
[2026-07-08 12:04:24] Status for task YE4J4H27DPF84ITK: Code=200, Response={"code":200,"data":{"task_id":"YE4J4H27DPF84ITK","status":"running","files":[],"created_time":"2026-07-08T10:01:55","progress":0,"credits_amount":0}}
[2026-07-08 12:04:28] Status for task YE4J4H27DPF84ITK: Code=200, Response={"code":200,"data":{"task_id":"YE4J4H27DPF84ITK","status":"running","files":[],"created_time":"2026-07-08T10:01:55","progress":0,"credits_amount":0}}
[2026-07-08 12:04:33] Status for task YE4J4H27DPF84ITK: Code=200, Response={"code":200,"data":{"task_id":"YE4J4H27DPF84ITK","status":"running","files":[],"created_time":"2026-07-08T10:01:55","progress":0,"credits_amount":0}}
[2026-07-08 12:04:38] Status for task YE4J4H27DPF84ITK: Code=200, Response={"code":200,"data":{"task_id":"YE4J4H27DPF84ITK","status":"running","files":[],"created_time":"2026-07-08T10:01:55","progress":0,"credits_amount":0}}
[2026-07-08 12:04:42] Status for task YE4J4H27DPF84ITK: Code=200, Response={"code":200,"data":{"task_id":"YE4J4H27DPF84ITK","status":"running","files":[],"created_time":"2026-07-08T10:01:55","progress":0,"credits_amount":0}}
[2026-07-08 12:04:47] Status for task YE4J4H27DPF84ITK: Code=200, Response={"code":200,"data":{"task_id":"YE4J4H27DPF84ITK","status":"running","files":[],"created_time":"2026-07-08T10:01:55","progress":0,"credits_amount":0}}
[2026-07-08 12:04:51] Status for task YE4J4H27DPF84ITK: Code=200, Response={"code":200,"data":{"task_id":"YE4J4H27DPF84ITK","status":"running","files":[],"created_time":"2026-07-08T10:01:55","progress":0,"credits_amount":0}}
[2026-07-08 12:04:55] Status for task YE4J4H27DPF84ITK: Code=200, Response={"code":200,"data":{"task_id":"YE4J4H27DPF84ITK","status":"running","files":[],"created_time":"2026-07-08T10:01:55","progress":0,"credits_amount":0}}
[2026-07-08 12:04:59] Status for task YE4J4H27DPF84ITK: Code=200, Response={"code":200,"data":{"task_id":"YE4J4H27DPF84ITK","status":"running","files":[],"created_time":"2026-07-08T10:01:55","progress":0,"credits_amount":0}}
[2026-07-08 12:05:03] Status for task YE4J4H27DPF84ITK: Code=200, Response={"code":200,"data":{"task_id":"YE4J4H27DPF84ITK","status":"running","files":[],"created_time":"2026-07-08T10:01:55","progress":0,"credits_amount":0}}
[2026-07-08 12:05:06] Status for task YE4J4H27DPF84ITK: Code=200, Response={"code":200,"data":{"task_id":"YE4J4H27DPF84ITK","status":"running","files":[],"created_time":"2026-07-08T10:01:55","progress":0,"credits_amount":0}}
[2026-07-08 12:07:27] Submit task: Code=200, Response={"code":200,"data":{"task_id":"AKJBYQPTG64TBMI4","status":"not_started","created_time":"2026-07-08T10:07:29"}}
[2026-07-08 12:07:32] Status for task AKJBYQPTG64TBMI4: Code=200, Response={"code":200,"data":{"task_id":"AKJBYQPTG64TBMI4","status":"running","files":[],"created_time":"2026-07-08T10:07:29","progress":0,"credits_amount":0}}
[2026-07-08 12:07:35] Status for task AKJBYQPTG64TBMI4: Code=200, Response={"code":200,"data":{"task_id":"AKJBYQPTG64TBMI4","status":"running","files":[],"created_time":"2026-07-08T10:07:29","progress":0,"credits_amount":0}}
[2026-07-08 12:07:39] Status for task AKJBYQPTG64TBMI4: Code=200, Response={"code":200,"data":{"task_id":"AKJBYQPTG64TBMI4","status":"running","files":[],"created_time":"2026-07-08T10:07:29","progress":0,"credits_amount":0}}
[2026-07-08 12:07:43] Status for task AKJBYQPTG64TBMI4: Code=200, Response={"code":200,"data":{"task_id":"AKJBYQPTG64TBMI4","status":"running","files":[],"created_time":"2026-07-08T10:07:29","progress":0,"credits_amount":0}}
[2026-07-08 12:07:46] Status for task AKJBYQPTG64TBMI4: Code=200, Response={"code":200,"data":{"task_id":"AKJBYQPTG64TBMI4","status":"running","files":[],"created_time":"2026-07-08T10:07:29","progress":0,"credits_amount":0}}
[2026-07-08 12:07:51] Status for task AKJBYQPTG64TBMI4: Code=200, Response={"code":200,"data":{"task_id":"AKJBYQPTG64TBMI4","status":"running","files":[],"created_time":"2026-07-08T10:07:29","progress":25,"credits_amount":0}}
[2026-07-08 12:07:54] Status for task AKJBYQPTG64TBMI4: Code=200, Response={"code":200,"data":{"task_id":"AKJBYQPTG64TBMI4","status":"running","files":[],"created_time":"2026-07-08T10:07:29","progress":25,"credits_amount":0}}
[2026-07-08 12:07:58] Status for task AKJBYQPTG64TBMI4: Code=200, Response={"code":200,"data":{"task_id":"AKJBYQPTG64TBMI4","status":"running","files":[],"created_time":"2026-07-08T10:07:29","progress":25,"credits_amount":0}}
[2026-07-08 12:08:02] Status for task AKJBYQPTG64TBMI4: Code=200, Response={"code":200,"data":{"task_id":"AKJBYQPTG64TBMI4","status":"running","files":[],"created_time":"2026-07-08T10:07:29","progress":43,"credits_amount":0}}
[2026-07-08 12:08:05] Status for task AKJBYQPTG64TBMI4: Code=200, Response={"code":200,"data":{"task_id":"AKJBYQPTG64TBMI4","status":"running","files":[],"created_time":"2026-07-08T10:07:29","progress":43,"credits_amount":0}}
[2026-07-08 12:08:09] Status for task AKJBYQPTG64TBMI4: Code=200, Response={"code":200,"data":{"task_id":"AKJBYQPTG64TBMI4","status":"running","files":[],"created_time":"2026-07-08T10:07:29","progress":43,"credits_amount":0}}
[2026-07-08 12:08:13] Status for task AKJBYQPTG64TBMI4: Code=200, Response={"code":200,"data":{"task_id":"AKJBYQPTG64TBMI4","status":"running","files":[],"created_time":"2026-07-08T10:07:29","progress":95,"credits_amount":0}}
[2026-07-08 12:08:16] Status for task AKJBYQPTG64TBMI4: Code=200, Response={"code":200,"data":{"task_id":"AKJBYQPTG64TBMI4","status":"running","files":[],"created_time":"2026-07-08T10:07:29","progress":100,"credits_amount":0}}
[2026-07-08 12:08:20] Status for task AKJBYQPTG64TBMI4: Code=200, Response={"code":200,"data":{"task_id":"AKJBYQPTG64TBMI4","status":"finished","files":[{"file_url":"https:\/\/cdn.doculator.org\/images\/AKJBYQPTG64TBMI4\/image_20260708100817_vUL4WY.png","file_type":"image"}],"created_time":"2026-07-08T10:07:29","progress":100,"credits_amount":2}}
[2026-07-08 12:08:57] Submit task: Code=200, Response={"code":200,"data":{"task_id":"WB84TEYJVV6MSNCK","status":"not_started","created_time":"2026-07-08T10:08:59"}}
[2026-07-08 12:09:01] Status for task WB84TEYJVV6MSNCK: Code=200, Response={"code":200,"data":{"task_id":"WB84TEYJVV6MSNCK","status":"running","files":[],"created_time":"2026-07-08T10:08:59","progress":0,"credits_amount":0}}
[2026-07-08 12:09:05] Status for task WB84TEYJVV6MSNCK: Code=200, Response={"code":200,"data":{"task_id":"WB84TEYJVV6MSNCK","status":"running","files":[],"created_time":"2026-07-08T10:08:59","progress":0,"credits_amount":0}}
[2026-07-08 12:09:08] Status for task WB84TEYJVV6MSNCK: Code=200, Response={"code":200,"data":{"task_id":"WB84TEYJVV6MSNCK","status":"running","files":[],"created_time":"2026-07-08T10:08:59","progress":0,"credits_amount":0}}
[2026-07-08 12:09:12] Status for task WB84TEYJVV6MSNCK: Code=200, Response={"code":200,"data":{"task_id":"WB84TEYJVV6MSNCK","status":"running","files":[],"created_time":"2026-07-08T10:08:59","progress":0,"credits_amount":0}}
[2026-07-08 12:09:16] Status for task WB84TEYJVV6MSNCK: Code=200, Response={"code":200,"data":{"task_id":"WB84TEYJVV6MSNCK","status":"running","files":[],"created_time":"2026-07-08T10:08:59","progress":0,"credits_amount":0}}
[2026-07-08 12:09:20] Status for task WB84TEYJVV6MSNCK: Code=200, Response={"code":200,"data":{"task_id":"WB84TEYJVV6MSNCK","status":"running","files":[],"created_time":"2026-07-08T10:08:59","progress":25,"credits_amount":0}}
[2026-07-08 12:09:23] Status for task WB84TEYJVV6MSNCK: Code=200, Response={"code":200,"data":{"task_id":"WB84TEYJVV6MSNCK","status":"running","files":[],"created_time":"2026-07-08T10:08:59","progress":25,"credits_amount":0}}
[2026-07-08 12:09:27] Status for task WB84TEYJVV6MSNCK: Code=200, Response={"code":200,"data":{"task_id":"WB84TEYJVV6MSNCK","status":"running","files":[],"created_time":"2026-07-08T10:08:59","progress":25,"credits_amount":0}}
[2026-07-08 12:09:31] Status for task WB84TEYJVV6MSNCK: Code=200, Response={"code":200,"data":{"task_id":"WB84TEYJVV6MSNCK","status":"running","files":[],"created_time":"2026-07-08T10:08:59","progress":43,"credits_amount":0}}
[2026-07-08 12:09:35] Status for task WB84TEYJVV6MSNCK: Code=200, Response={"code":200,"data":{"task_id":"WB84TEYJVV6MSNCK","status":"running","files":[],"created_time":"2026-07-08T10:08:59","progress":43,"credits_amount":0}}
[2026-07-08 12:09:39] Status for task WB84TEYJVV6MSNCK: Code=200, Response={"code":200,"data":{"task_id":"WB84TEYJVV6MSNCK","status":"running","files":[],"created_time":"2026-07-08T10:08:59","progress":43,"credits_amount":0}}
[2026-07-08 12:09:42] Status for task WB84TEYJVV6MSNCK: Code=200, Response={"code":200,"data":{"task_id":"WB84TEYJVV6MSNCK","status":"running","files":[],"created_time":"2026-07-08T10:08:59","progress":57,"credits_amount":0}}
[2026-07-08 12:09:46] Status for task WB84TEYJVV6MSNCK: Code=200, Response={"code":200,"data":{"task_id":"WB84TEYJVV6MSNCK","status":"running","files":[],"created_time":"2026-07-08T10:08:59","progress":57,"credits_amount":0}}
[2026-07-08 12:09:50] Status for task WB84TEYJVV6MSNCK: Code=200, Response={"code":200,"data":{"task_id":"WB84TEYJVV6MSNCK","status":"running","files":[],"created_time":"2026-07-08T10:08:59","progress":95,"credits_amount":0}}
[2026-07-08 12:09:53] Status for task WB84TEYJVV6MSNCK: Code=200, Response={"code":200,"data":{"task_id":"WB84TEYJVV6MSNCK","status":"running","files":[],"created_time":"2026-07-08T10:08:59","progress":95,"credits_amount":0}}
[2026-07-08 12:09:57] Status for task WB84TEYJVV6MSNCK: Code=200, Response={"code":200,"data":{"task_id":"WB84TEYJVV6MSNCK","status":"running","files":[],"created_time":"2026-07-08T10:08:59","progress":100,"credits_amount":0}}
[2026-07-08 12:10:00] Status for task WB84TEYJVV6MSNCK: Code=200, Response={"code":200,"data":{"task_id":"WB84TEYJVV6MSNCK","status":"finished","files":[{"file_url":"https:\/\/cdn.doculator.org\/images\/WB84TEYJVV6MSNCK\/image_20260708100956_lxce6X.png","file_type":"image"}],"created_time":"2026-07-08T10:08:59","progress":100,"credits_amount":2}}
[2026-07-08 12:11:08] Submit task: Code=200, Response={"code":200,"data":{"task_id":"63PP14V5XWJZEUQJ","status":"not_started","created_time":"2026-07-08T10:11:10"}}
[2026-07-08 12:11:12] Status for task 63PP14V5XWJZEUQJ: Code=200, Response={"code":200,"data":{"task_id":"63PP14V5XWJZEUQJ","status":"running","files":[],"created_time":"2026-07-08T10:11:10","progress":0,"credits_amount":0}}
[2026-07-08 12:11:16] Status for task 63PP14V5XWJZEUQJ: Code=200, Response={"code":200,"data":{"task_id":"63PP14V5XWJZEUQJ","status":"running","files":[],"created_time":"2026-07-08T10:11:10","progress":0,"credits_amount":0}}
[2026-07-08 12:11:20] Status for task 63PP14V5XWJZEUQJ: Code=200, Response={"code":200,"data":{"task_id":"63PP14V5XWJZEUQJ","status":"running","files":[],"created_time":"2026-07-08T10:11:10","progress":0,"credits_amount":0}}
[2026-07-08 12:11:23] Status for task 63PP14V5XWJZEUQJ: Code=200, Response={"code":200,"data":{"task_id":"63PP14V5XWJZEUQJ","status":"running","files":[],"created_time":"2026-07-08T10:11:10","progress":0,"credits_amount":0}}
[2026-07-08 12:11:27] Status for task 63PP14V5XWJZEUQJ: Code=200, Response={"code":200,"data":{"task_id":"63PP14V5XWJZEUQJ","status":"running","files":[],"created_time":"2026-07-08T10:11:10","progress":0,"credits_amount":0}}
[2026-07-08 12:11:31] Status for task 63PP14V5XWJZEUQJ: Code=200, Response={"code":200,"data":{"task_id":"63PP14V5XWJZEUQJ","status":"running","files":[],"created_time":"2026-07-08T10:11:10","progress":25,"credits_amount":0}}
[2026-07-08 12:11:35] Status for task 63PP14V5XWJZEUQJ: Code=200, Response={"code":200,"data":{"task_id":"63PP14V5XWJZEUQJ","status":"running","files":[],"created_time":"2026-07-08T10:11:10","progress":25,"credits_amount":0}}
[2026-07-08 12:11:38] Status for task 63PP14V5XWJZEUQJ: Code=200, Response={"code":200,"data":{"task_id":"63PP14V5XWJZEUQJ","status":"running","files":[],"created_time":"2026-07-08T10:11:10","progress":43,"credits_amount":0}}
[2026-07-08 12:11:42] Status for task 63PP14V5XWJZEUQJ: Code=200, Response={"code":200,"data":{"task_id":"63PP14V5XWJZEUQJ","status":"running","files":[],"created_time":"2026-07-08T10:11:10","progress":43,"credits_amount":0}}
[2026-07-08 12:11:46] Status for task 63PP14V5XWJZEUQJ: Code=200, Response={"code":200,"data":{"task_id":"63PP14V5XWJZEUQJ","status":"running","files":[],"created_time":"2026-07-08T10:11:10","progress":43,"credits_amount":0}}
[2026-07-08 12:11:49] Status for task 63PP14V5XWJZEUQJ: Code=200, Response={"code":200,"data":{"task_id":"63PP14V5XWJZEUQJ","status":"running","files":[],"created_time":"2026-07-08T10:11:10","progress":95,"credits_amount":0}}
[2026-07-08 12:11:53] Status for task 63PP14V5XWJZEUQJ: Code=200, Response={"code":200,"data":{"task_id":"63PP14V5XWJZEUQJ","status":"running","files":[],"created_time":"2026-07-08T10:11:10","progress":95,"credits_amount":0}}
[2026-07-08 12:11:57] Status for task 63PP14V5XWJZEUQJ: Code=200, Response={"code":200,"data":{"task_id":"63PP14V5XWJZEUQJ","status":"running","files":[],"created_time":"2026-07-08T10:11:10","progress":100,"credits_amount":0}}
[2026-07-08 12:12:00] Status for task 63PP14V5XWJZEUQJ: Code=200, Response={"code":200,"data":{"task_id":"63PP14V5XWJZEUQJ","status":"finished","files":[{"file_url":"https:\/\/cdn.doculator.org\/images\/63PP14V5XWJZEUQJ\/image_20260708101156_88HeR4.png","file_type":"image"}],"created_time":"2026-07-08T10:11:10","progress":100,"credits_amount":2}}
[2026-07-08 12:12:33] Submit task: Code=200, Response={"code":200,"data":{"task_id":"M6HVEE7CGVJUVKGF","status":"not_started","created_time":"2026-07-08T10:12:34"}}
[2026-07-08 12:12:37] Status for task M6HVEE7CGVJUVKGF: Code=200, Response={"code":200,"data":{"task_id":"M6HVEE7CGVJUVKGF","status":"running","files":[],"created_time":"2026-07-08T10:12:34","progress":0,"credits_amount":0}}
[2026-07-08 12:12:41] Status for task M6HVEE7CGVJUVKGF: Code=200, Response={"code":200,"data":{"task_id":"M6HVEE7CGVJUVKGF","status":"running","files":[],"created_time":"2026-07-08T10:12:34","progress":0,"credits_amount":0}}
[2026-07-08 12:12:44] Status for task M6HVEE7CGVJUVKGF: Code=200, Response={"code":200,"data":{"task_id":"M6HVEE7CGVJUVKGF","status":"running","files":[],"created_time":"2026-07-08T10:12:34","progress":0,"credits_amount":0}}
[2026-07-08 12:12:48] Status for task M6HVEE7CGVJUVKGF: Code=200, Response={"code":200,"data":{"task_id":"M6HVEE7CGVJUVKGF","status":"running","files":[],"created_time":"2026-07-08T10:12:34","progress":0,"credits_amount":0}}
[2026-07-08 12:12:52] Status for task M6HVEE7CGVJUVKGF: Code=200, Response={"code":200,"data":{"task_id":"M6HVEE7CGVJUVKGF","status":"running","files":[],"created_time":"2026-07-08T10:12:34","progress":0,"credits_amount":0}}
[2026-07-08 12:12:55] Status for task M6HVEE7CGVJUVKGF: Code=200, Response={"code":200,"data":{"task_id":"M6HVEE7CGVJUVKGF","status":"running","files":[],"created_time":"2026-07-08T10:12:34","progress":25,"credits_amount":0}}
[2026-07-08 12:12:59] Status for task M6HVEE7CGVJUVKGF: Code=200, Response={"code":200,"data":{"task_id":"M6HVEE7CGVJUVKGF","status":"running","files":[],"created_time":"2026-07-08T10:12:34","progress":25,"credits_amount":0}}
[2026-07-08 12:13:03] Status for task M6HVEE7CGVJUVKGF: Code=200, Response={"code":200,"data":{"task_id":"M6HVEE7CGVJUVKGF","status":"running","files":[],"created_time":"2026-07-08T10:12:34","progress":25,"credits_amount":0}}
[2026-07-08 12:13:06] Status for task M6HVEE7CGVJUVKGF: Code=200, Response={"code":200,"data":{"task_id":"M6HVEE7CGVJUVKGF","status":"running","files":[],"created_time":"2026-07-08T10:12:34","progress":43,"credits_amount":0}}
[2026-07-08 12:13:10] Status for task M6HVEE7CGVJUVKGF: Code=200, Response={"code":200,"data":{"task_id":"M6HVEE7CGVJUVKGF","status":"running","files":[],"created_time":"2026-07-08T10:12:34","progress":43,"credits_amount":0}}
[2026-07-08 12:13:14] Status for task M6HVEE7CGVJUVKGF: Code=200, Response={"code":200,"data":{"task_id":"M6HVEE7CGVJUVKGF","status":"running","files":[],"created_time":"2026-07-08T10:12:34","progress":43,"credits_amount":0}}
[2026-07-08 12:13:17] Status for task M6HVEE7CGVJUVKGF: Code=200, Response={"code":200,"data":{"task_id":"M6HVEE7CGVJUVKGF","status":"running","files":[],"created_time":"2026-07-08T10:12:34","progress":43,"credits_amount":0}}
[2026-07-08 12:13:21] Status for task M6HVEE7CGVJUVKGF: Code=200, Response={"code":200,"data":{"task_id":"M6HVEE7CGVJUVKGF","status":"running","files":[],"created_time":"2026-07-08T10:12:34","progress":95,"credits_amount":0}}
[2026-07-08 12:13:25] Status for task M6HVEE7CGVJUVKGF: Code=200, Response={"code":200,"data":{"task_id":"M6HVEE7CGVJUVKGF","status":"running","files":[],"created_time":"2026-07-08T10:12:34","progress":100,"credits_amount":0}}
[2026-07-08 12:13:28] Status for task M6HVEE7CGVJUVKGF: Code=200, Response={"code":200,"data":{"task_id":"M6HVEE7CGVJUVKGF","status":"finished","files":[{"file_url":"https:\/\/cdn.doculator.org\/images\/M6HVEE7CGVJUVKGF\/image_20260708101326_1Hv10U.png","file_type":"image"}],"created_time":"2026-07-08T10:12:34","progress":100,"credits_amount":2}}
[2026-07-08 12:55:57] Submit task: Code=200, Response={"code":200,"data":{"task_id":"L1A4CT7JOA4YLVAV","status":"not_started","created_time":"2026-07-08T10:55:58"}}
[2026-07-08 12:56:01] Status for task L1A4CT7JOA4YLVAV: Code=200, Response={"code":200,"data":{"task_id":"L1A4CT7JOA4YLVAV","status":"running","files":[],"created_time":"2026-07-08T10:55:58","progress":0,"credits_amount":0}}
[2026-07-08 12:56:04] Status for task L1A4CT7JOA4YLVAV: Code=200, Response={"code":200,"data":{"task_id":"L1A4CT7JOA4YLVAV","status":"running","files":[],"created_time":"2026-07-08T10:55:58","progress":0,"credits_amount":0}}
[2026-07-08 12:56:08] Status for task L1A4CT7JOA4YLVAV: Code=200, Response={"code":200,"data":{"task_id":"L1A4CT7JOA4YLVAV","status":"running","files":[],"created_time":"2026-07-08T10:55:58","progress":0,"credits_amount":0}}
[2026-07-08 12:56:12] Status for task L1A4CT7JOA4YLVAV: Code=200, Response={"code":200,"data":{"task_id":"L1A4CT7JOA4YLVAV","status":"running","files":[],"created_time":"2026-07-08T10:55:58","progress":0,"credits_amount":0}}
[2026-07-08 12:56:15] Status for task L1A4CT7JOA4YLVAV: Code=200, Response={"code":200,"data":{"task_id":"L1A4CT7JOA4YLVAV","status":"running","files":[],"created_time":"2026-07-08T10:55:58","progress":0,"credits_amount":0}}
[2026-07-08 12:56:19] Status for task L1A4CT7JOA4YLVAV: Code=200, Response={"code":200,"data":{"task_id":"L1A4CT7JOA4YLVAV","status":"running","files":[],"created_time":"2026-07-08T10:55:58","progress":25,"credits_amount":0}}
[2026-07-08 12:56:23] Status for task L1A4CT7JOA4YLVAV: Code=200, Response={"code":200,"data":{"task_id":"L1A4CT7JOA4YLVAV","status":"running","files":[],"created_time":"2026-07-08T10:55:58","progress":25,"credits_amount":0}}
[2026-07-08 12:56:26] Status for task L1A4CT7JOA4YLVAV: Code=200, Response={"code":200,"data":{"task_id":"L1A4CT7JOA4YLVAV","status":"running","files":[],"created_time":"2026-07-08T10:55:58","progress":25,"credits_amount":0}}
[2026-07-08 12:56:30] Status for task L1A4CT7JOA4YLVAV: Code=200, Response={"code":200,"data":{"task_id":"L1A4CT7JOA4YLVAV","status":"running","files":[],"created_time":"2026-07-08T10:55:58","progress":43,"credits_amount":0}}
[2026-07-08 12:56:34] Status for task L1A4CT7JOA4YLVAV: Code=200, Response={"code":200,"data":{"task_id":"L1A4CT7JOA4YLVAV","status":"running","files":[],"created_time":"2026-07-08T10:55:58","progress":43,"credits_amount":0}}
[2026-07-08 12:56:37] Status for task L1A4CT7JOA4YLVAV: Code=200, Response={"code":200,"data":{"task_id":"L1A4CT7JOA4YLVAV","status":"running","files":[],"created_time":"2026-07-08T10:55:58","progress":43,"credits_amount":0}}
[2026-07-08 12:56:41] Status for task L1A4CT7JOA4YLVAV: Code=200, Response={"code":200,"data":{"task_id":"L1A4CT7JOA4YLVAV","status":"running","files":[],"created_time":"2026-07-08T10:55:58","progress":95,"credits_amount":0}}
[2026-07-08 12:56:45] Status for task L1A4CT7JOA4YLVAV: Code=200, Response={"code":200,"data":{"task_id":"L1A4CT7JOA4YLVAV","status":"running","files":[],"created_time":"2026-07-08T10:55:58","progress":95,"credits_amount":0}}
[2026-07-08 12:56:49] Status for task L1A4CT7JOA4YLVAV: Code=200, Response={"code":200,"data":{"task_id":"L1A4CT7JOA4YLVAV","status":"running","files":[],"created_time":"2026-07-08T10:55:58","progress":100,"credits_amount":0}}
[2026-07-08 12:56:52] Status for task L1A4CT7JOA4YLVAV: Code=200, Response={"code":200,"data":{"task_id":"L1A4CT7JOA4YLVAV","status":"finished","files":[{"file_url":"https:\/\/cdn.doculator.org\/images\/L1A4CT7JOA4YLVAV\/image_20260708105648_p1l31A.png","file_type":"image"}],"created_time":"2026-07-08T10:55:58","progress":100,"credits_amount":2}}
[2026-07-08 12:59:48] Submit task: Code=200, Response={"code":200,"data":{"task_id":"02TG4WFJLKZKTSJM","status":"not_started","created_time":"2026-07-08T10:59:49"}}
[2026-07-08 12:59:53] Status for task 02TG4WFJLKZKTSJM: Code=200, Response={"code":200,"data":{"task_id":"02TG4WFJLKZKTSJM","status":"running","files":[],"created_time":"2026-07-08T10:59:49","progress":0,"credits_amount":0}}
[2026-07-08 12:59:58] Status for task 02TG4WFJLKZKTSJM: Code=200, Response={"code":200,"data":{"task_id":"02TG4WFJLKZKTSJM","status":"running","files":[],"created_time":"2026-07-08T10:59:49","progress":0,"credits_amount":0}}
[2026-07-08 13:00:02] Status for task 02TG4WFJLKZKTSJM: Code=200, Response={"code":200,"data":{"task_id":"02TG4WFJLKZKTSJM","status":"running","files":[],"created_time":"2026-07-08T10:59:49","progress":0,"credits_amount":0}}
[2026-07-08 13:00:09] Status for task 02TG4WFJLKZKTSJM: Code=200, Response={"code":200,"data":{"task_id":"02TG4WFJLKZKTSJM","status":"running","files":[],"created_time":"2026-07-08T10:59:49","progress":25,"credits_amount":0}}
[2026-07-08 13:00:18] Status for task 02TG4WFJLKZKTSJM: Code=200, Response={"code":200,"data":{"task_id":"02TG4WFJLKZKTSJM","status":"running","files":[],"created_time":"2026-07-08T10:59:49","progress":25,"credits_amount":0}}
[2026-07-08 13:00:23] Status for task 02TG4WFJLKZKTSJM: Code=200, Response={"code":200,"data":{"task_id":"02TG4WFJLKZKTSJM","status":"running","files":[],"created_time":"2026-07-08T10:59:49","progress":43,"credits_amount":0}}
[2026-07-08 13:00:27] Status for task 02TG4WFJLKZKTSJM: Code=200, Response={"code":200,"data":{"task_id":"02TG4WFJLKZKTSJM","status":"running","files":[],"created_time":"2026-07-08T10:59:49","progress":43,"credits_amount":0}}
[2026-07-08 13:00:31] Status for task 02TG4WFJLKZKTSJM: Code=200, Response={"code":200,"data":{"task_id":"02TG4WFJLKZKTSJM","status":"running","files":[],"created_time":"2026-07-08T10:59:49","progress":95,"credits_amount":0}}
[2026-07-08 13:00:35] Status for task 02TG4WFJLKZKTSJM: Code=200, Response={"code":200,"data":{"task_id":"02TG4WFJLKZKTSJM","status":"running","files":[],"created_time":"2026-07-08T10:59:49","progress":100,"credits_amount":0}}
[2026-07-08 13:00:42] Status for task 02TG4WFJLKZKTSJM: Code=200, Response={"code":200,"data":{"task_id":"02TG4WFJLKZKTSJM","status":"finished","files":[{"file_url":"https:\/\/cdn.doculator.org\/images\/02TG4WFJLKZKTSJM\/image_20260708110036_NOSZtf.png","file_type":"image"}],"created_time":"2026-07-08T10:59:49","progress":100,"credits_amount":2}}
[2026-07-08 13:01:35] Submit task: Code=200, Response={"code":200,"data":{"task_id":"GM7EZEFW2XKUKJY5","status":"not_started","created_time":"2026-07-08T11:01:37"}}
[2026-07-08 13:01:39] Status for task GM7EZEFW2XKUKJY5: Code=200, Response={"code":200,"data":{"task_id":"GM7EZEFW2XKUKJY5","status":"running","files":[],"created_time":"2026-07-08T11:01:37","progress":0,"credits_amount":0}}
[2026-07-08 13:01:43] Status for task GM7EZEFW2XKUKJY5: Code=200, Response={"code":200,"data":{"task_id":"GM7EZEFW2XKUKJY5","status":"running","files":[],"created_time":"2026-07-08T11:01:37","progress":0,"credits_amount":0}}
[2026-07-08 13:01:47] Status for task GM7EZEFW2XKUKJY5: Code=200, Response={"code":200,"data":{"task_id":"GM7EZEFW2XKUKJY5","status":"running","files":[],"created_time":"2026-07-08T11:01:37","progress":0,"credits_amount":0}}
[2026-07-08 13:01:54] Status for task GM7EZEFW2XKUKJY5: Code=200, Response={"code":200,"data":{"task_id":"GM7EZEFW2XKUKJY5","status":"running","files":[],"created_time":"2026-07-08T11:01:37","progress":0,"credits_amount":0}}
[2026-07-08 13:01:59] Status for task GM7EZEFW2XKUKJY5: Code=200, Response={"code":200,"data":{"task_id":"GM7EZEFW2XKUKJY5","status":"running","files":[],"created_time":"2026-07-08T11:01:37","progress":0,"credits_amount":0}}
[2026-07-08 13:02:03] Status for task GM7EZEFW2XKUKJY5: Code=200, Response={"code":200,"data":{"task_id":"GM7EZEFW2XKUKJY5","status":"running","files":[],"created_time":"2026-07-08T11:01:37","progress":25,"credits_amount":0}}
[2026-07-08 13:02:09] Status for task GM7EZEFW2XKUKJY5: Code=200, Response={"code":200,"data":{"task_id":"GM7EZEFW2XKUKJY5","status":"running","files":[],"created_time":"2026-07-08T11:01:37","progress":25,"credits_amount":0}}
[2026-07-08 13:02:13] Status for task GM7EZEFW2XKUKJY5: Code=200, Response={"code":200,"data":{"task_id":"GM7EZEFW2XKUKJY5","status":"running","files":[],"created_time":"2026-07-08T11:01:37","progress":43,"credits_amount":0}}
[2026-07-08 13:02:18] Status for task GM7EZEFW2XKUKJY5: Code=200, Response={"code":200,"data":{"task_id":"GM7EZEFW2XKUKJY5","status":"running","files":[],"created_time":"2026-07-08T11:01:37","progress":43,"credits_amount":0}}
[2026-07-08 13:02:22] Status for task GM7EZEFW2XKUKJY5: Code=200, Response={"code":200,"data":{"task_id":"GM7EZEFW2XKUKJY5","status":"running","files":[],"created_time":"2026-07-08T11:01:37","progress":57,"credits_amount":0}}
[2026-07-08 13:02:27] Status for task GM7EZEFW2XKUKJY5: Code=200, Response={"code":200,"data":{"task_id":"GM7EZEFW2XKUKJY5","status":"running","files":[],"created_time":"2026-07-08T11:01:37","progress":57,"credits_amount":0}}
[2026-07-08 13:02:31] Status for task GM7EZEFW2XKUKJY5: Code=200, Response={"code":200,"data":{"task_id":"GM7EZEFW2XKUKJY5","status":"running","files":[],"created_time":"2026-07-08T11:01:37","progress":95,"credits_amount":0}}
[2026-07-08 13:02:37] Status for task GM7EZEFW2XKUKJY5: Code=200, Response={"code":200,"data":{"task_id":"GM7EZEFW2XKUKJY5","status":"running","files":[],"created_time":"2026-07-08T11:01:37","progress":95,"credits_amount":0}}
[2026-07-08 13:02:44] Status for task GM7EZEFW2XKUKJY5: Code=200, Response={"code":200,"data":{"task_id":"GM7EZEFW2XKUKJY5","status":"finished","files":[{"file_url":"https:\/\/cdn.doculator.org\/images\/GM7EZEFW2XKUKJY5\/image_20260708110238_1rzUB2.png","file_type":"image"}],"created_time":"2026-07-08T11:01:37","progress":100,"credits_amount":2}}
[2026-07-08 13:06:31] Submit task: Code=200, Response={"code":200,"data":{"task_id":"S6JXTYGIE7RKYTNB","status":"not_started","created_time":"2026-07-08T11:06:32"}}
[2026-07-08 13:06:36] Status for task S6JXTYGIE7RKYTNB: Code=200, Response={"code":200,"data":{"task_id":"S6JXTYGIE7RKYTNB","status":"running","files":[],"created_time":"2026-07-08T11:06:32","progress":0,"credits_amount":0}}
[2026-07-08 13:06:40] Status for task S6JXTYGIE7RKYTNB: Code=200, Response={"code":200,"data":{"task_id":"S6JXTYGIE7RKYTNB","status":"running","files":[],"created_time":"2026-07-08T11:06:32","progress":0,"credits_amount":0}}
[2026-07-08 13:06:46] Status for task S6JXTYGIE7RKYTNB: Code=200, Response={"code":200,"data":{"task_id":"S6JXTYGIE7RKYTNB","status":"running","files":[],"created_time":"2026-07-08T11:06:32","progress":0,"credits_amount":0}}
[2026-07-08 13:06:50] Status for task S6JXTYGIE7RKYTNB: Code=200, Response={"code":200,"data":{"task_id":"S6JXTYGIE7RKYTNB","status":"running","files":[],"created_time":"2026-07-08T11:06:32","progress":0,"credits_amount":0}}
[2026-07-08 13:06:58] Status for task S6JXTYGIE7RKYTNB: Code=200, Response={"code":200,"data":{"task_id":"S6JXTYGIE7RKYTNB","status":"running","files":[],"created_time":"2026-07-08T11:06:32","progress":25,"credits_amount":0}}
[2026-07-08 13:07:03] Status for task S6JXTYGIE7RKYTNB: Code=200, Response={"code":200,"data":{"task_id":"S6JXTYGIE7RKYTNB","status":"running","files":[],"created_time":"2026-07-08T11:06:32","progress":25,"credits_amount":0}}
[2026-07-08 13:07:08] Status for task S6JXTYGIE7RKYTNB: Code=200, Response={"code":200,"data":{"task_id":"S6JXTYGIE7RKYTNB","status":"running","files":[],"created_time":"2026-07-08T11:06:32","progress":43,"credits_amount":0}}
[2026-07-08 13:07:14] Status for task S6JXTYGIE7RKYTNB: Code=200, Response={"code":200,"data":{"task_id":"S6JXTYGIE7RKYTNB","status":"running","files":[],"created_time":"2026-07-08T11:06:32","progress":43,"credits_amount":0}}
[2026-07-08 13:07:28] Status for task S6JXTYGIE7RKYTNB: Code=200, Response={"code":200,"data":{"task_id":"S6JXTYGIE7RKYTNB","status":"finished","files":[{"file_url":"https:\/\/cdn.doculator.org\/images\/S6JXTYGIE7RKYTNB\/image_20260708110723_RmTljM.png","file_type":"image"}],"created_time":"2026-07-08T11:06:32","progress":100,"credits_amount":2}}
[2026-07-08 13:08:33] Submit task: Code=200, Response={"code":200,"data":{"task_id":"86FC8SBTEEWK5MPL","status":"not_started","created_time":"2026-07-08T11:08:34"}}
[2026-07-08 13:08:38] Status for task 86FC8SBTEEWK5MPL: Code=200, Response={"code":200,"data":{"task_id":"86FC8SBTEEWK5MPL","status":"not_started","files":[],"created_time":"2026-07-08T11:08:34","progress":0,"credits_amount":0}}
[2026-07-08 13:08:41] Status for task 86FC8SBTEEWK5MPL: Code=200, Response={"code":200,"data":{"task_id":"86FC8SBTEEWK5MPL","status":"running","files":[],"created_time":"2026-07-08T11:08:34","progress":0,"credits_amount":0}}
[2026-07-08 13:08:45] Status for task 86FC8SBTEEWK5MPL: Code=200, Response={"code":200,"data":{"task_id":"86FC8SBTEEWK5MPL","status":"running","files":[],"created_time":"2026-07-08T11:08:34","progress":0,"credits_amount":0}}
[2026-07-08 13:08:51] Status for task 86FC8SBTEEWK5MPL: Code=200, Response={"code":200,"data":{"task_id":"86FC8SBTEEWK5MPL","status":"running","files":[],"created_time":"2026-07-08T11:08:34","progress":0,"credits_amount":0}}
[2026-07-08 13:08:55] Status for task 86FC8SBTEEWK5MPL: Code=200, Response={"code":200,"data":{"task_id":"86FC8SBTEEWK5MPL","status":"running","files":[],"created_time":"2026-07-08T11:08:34","progress":25,"credits_amount":0}}
[2026-07-08 13:09:01] Status for task 86FC8SBTEEWK5MPL: Code=200, Response={"code":200,"data":{"task_id":"86FC8SBTEEWK5MPL","status":"running","files":[],"created_time":"2026-07-08T11:08:34","progress":25,"credits_amount":0}}
[2026-07-08 13:09:08] Status for task 86FC8SBTEEWK5MPL: Code=200, Response={"code":200,"data":{"task_id":"86FC8SBTEEWK5MPL","status":"running","files":[],"created_time":"2026-07-08T11:08:34","progress":25,"credits_amount":0}}
[2026-07-08 13:09:15] Status for task 86FC8SBTEEWK5MPL: Code=200, Response={"code":200,"data":{"task_id":"86FC8SBTEEWK5MPL","status":"running","files":[],"created_time":"2026-07-08T11:08:34","progress":100,"credits_amount":0}}
[2026-07-08 13:35:08] Submit task: Code=200, Response={"code":200,"data":{"task_id":"RDFK8Q6YRS0XR7K7","status":"not_started","created_time":"2026-07-08T11:35:10"}}
[2026-07-08 13:35:13] Status for task RDFK8Q6YRS0XR7K7: Code=200, Response={"code":200,"data":{"task_id":"RDFK8Q6YRS0XR7K7","status":"running","files":[],"created_time":"2026-07-08T11:35:10","progress":0,"credits_amount":0}}
[2026-07-08 13:35:17] Status for task RDFK8Q6YRS0XR7K7: Code=200, Response={"code":200,"data":{"task_id":"RDFK8Q6YRS0XR7K7","status":"running","files":[],"created_time":"2026-07-08T11:35:10","progress":0,"credits_amount":0}}
[2026-07-08 13:35:26] Status for task RDFK8Q6YRS0XR7K7: Code=200, Response={"code":200,"data":{"task_id":"RDFK8Q6YRS0XR7K7","status":"running","files":[],"created_time":"2026-07-08T11:35:10","progress":0,"credits_amount":0}}
[2026-07-08 13:35:30] Status for task RDFK8Q6YRS0XR7K7: Code=200, Response={"code":200,"data":{"task_id":"RDFK8Q6YRS0XR7K7","status":"running","files":[],"created_time":"2026-07-08T11:35:10","progress":0,"credits_amount":0}}
[2026-07-08 13:35:34] Status for task RDFK8Q6YRS0XR7K7: Code=200, Response={"code":200,"data":{"task_id":"RDFK8Q6YRS0XR7K7","status":"running","files":[],"created_time":"2026-07-08T11:35:10","progress":0,"credits_amount":0}}
[2026-07-08 13:35:37] Status for task RDFK8Q6YRS0XR7K7: Code=200, Response={"code":200,"data":{"task_id":"RDFK8Q6YRS0XR7K7","status":"running","files":[],"created_time":"2026-07-08T11:35:10","progress":25,"credits_amount":0}}
[2026-07-08 13:35:41] Status for task RDFK8Q6YRS0XR7K7: Code=200, Response={"code":200,"data":{"task_id":"RDFK8Q6YRS0XR7K7","status":"running","files":[],"created_time":"2026-07-08T11:35:10","progress":25,"credits_amount":0}}
[2026-07-08 13:35:45] Status for task RDFK8Q6YRS0XR7K7: Code=200, Response={"code":200,"data":{"task_id":"RDFK8Q6YRS0XR7K7","status":"running","files":[],"created_time":"2026-07-08T11:35:10","progress":25,"credits_amount":0}}
[2026-07-08 13:35:48] Status for task RDFK8Q6YRS0XR7K7: Code=200, Response={"code":200,"data":{"task_id":"RDFK8Q6YRS0XR7K7","status":"running","files":[],"created_time":"2026-07-08T11:35:10","progress":43,"credits_amount":0}}
[2026-07-08 13:35:52] Status for task RDFK8Q6YRS0XR7K7: Code=200, Response={"code":200,"data":{"task_id":"RDFK8Q6YRS0XR7K7","status":"running","files":[],"created_time":"2026-07-08T11:35:10","progress":43,"credits_amount":0}}
[2026-07-08 13:35:56] Status for task RDFK8Q6YRS0XR7K7: Code=200, Response={"code":200,"data":{"task_id":"RDFK8Q6YRS0XR7K7","status":"running","files":[],"created_time":"2026-07-08T11:35:10","progress":95,"credits_amount":0}}
[2026-07-08 13:36:00] Status for task RDFK8Q6YRS0XR7K7: Code=200, Response={"code":200,"data":{"task_id":"RDFK8Q6YRS0XR7K7","status":"running","files":[],"created_time":"2026-07-08T11:35:10","progress":95,"credits_amount":0}}
[2026-07-08 13:36:04] Status for task RDFK8Q6YRS0XR7K7: Code=200, Response={"code":200,"data":{"task_id":"RDFK8Q6YRS0XR7K7","status":"running","files":[],"created_time":"2026-07-08T11:35:10","progress":100,"credits_amount":0}}
[2026-07-08 13:36:08] Status for task RDFK8Q6YRS0XR7K7: Code=200, Response={"code":200,"data":{"task_id":"RDFK8Q6YRS0XR7K7","status":"finished","files":[{"file_url":"https:\/\/cdn.doculator.org\/images\/RDFK8Q6YRS0XR7K7\/image_20260708113604_ryQLRN.png","file_type":"image"}],"created_time":"2026-07-08T11:35:10","progress":100,"credits_amount":2}}
[2026-07-08 13:46:56] Submit task: Code=200, Response={"code":200,"data":{"task_id":"HY2V0TU6NCU7XDMM","status":"not_started","created_time":"2026-07-08T11:46:58"}}
[2026-07-08 13:47:03] Status for task HY2V0TU6NCU7XDMM: Code=200, Response={"code":200,"data":{"task_id":"HY2V0TU6NCU7XDMM","status":"running","files":[],"created_time":"2026-07-08T11:46:58","progress":0,"credits_amount":0}}
[2026-07-08 13:47:08] Status for task HY2V0TU6NCU7XDMM: Code=200, Response={"code":200,"data":{"task_id":"HY2V0TU6NCU7XDMM","status":"running","files":[],"created_time":"2026-07-08T11:46:58","progress":0,"credits_amount":0}}
[2026-07-08 13:47:13] Status for task HY2V0TU6NCU7XDMM: Code=200, Response={"code":200,"data":{"task_id":"HY2V0TU6NCU7XDMM","status":"running","files":[],"created_time":"2026-07-08T11:46:58","progress":0,"credits_amount":0}}
[2026-07-08 13:47:17] Status for task HY2V0TU6NCU7XDMM: Code=200, Response={"code":200,"data":{"task_id":"HY2V0TU6NCU7XDMM","status":"running","files":[],"created_time":"2026-07-08T11:46:58","progress":25,"credits_amount":0}}
[2026-07-08 13:47:21] Status for task HY2V0TU6NCU7XDMM: Code=200, Response={"code":200,"data":{"task_id":"HY2V0TU6NCU7XDMM","status":"running","files":[],"created_time":"2026-07-08T11:46:58","progress":25,"credits_amount":0}}
[2026-07-08 13:47:32] Status for task HY2V0TU6NCU7XDMM: Code=200, Response={"code":200,"data":{"task_id":"HY2V0TU6NCU7XDMM","status":"running","files":[],"created_time":"2026-07-08T11:46:58","progress":43,"credits_amount":0}}
[2026-07-08 13:47:57] Status for task HY2V0TU6NCU7XDMM: Code=200, Response={"code":200,"data":{"task_id":"HY2V0TU6NCU7XDMM","status":"finished","files":[{"file_url":"https:\/\/cdn.doculator.org\/images\/HY2V0TU6NCU7XDMM\/image_20260708114753_ssZjRN.png","file_type":"image"}],"created_time":"2026-07-08T11:46:58","progress":100,"credits_amount":2}}
[2026-07-08 14:03:47] Submit task: Code=200, Response={"code":200,"data":{"task_id":"7L56KZ8Z4FS29XAW","status":"not_started","created_time":"2026-07-08T12:03:48"}}
[2026-07-08 14:03:51] Status for task 7L56KZ8Z4FS29XAW: Code=200, Response={"code":200,"data":{"task_id":"7L56KZ8Z4FS29XAW","status":"running","files":[],"created_time":"2026-07-08T12:03:48","progress":0,"credits_amount":0}}
[2026-07-08 14:03:55] Status for task 7L56KZ8Z4FS29XAW: Code=200, Response={"code":200,"data":{"task_id":"7L56KZ8Z4FS29XAW","status":"running","files":[],"created_time":"2026-07-08T12:03:48","progress":0,"credits_amount":0}}
[2026-07-08 14:03:59] Status for task 7L56KZ8Z4FS29XAW: Code=200, Response={"code":200,"data":{"task_id":"7L56KZ8Z4FS29XAW","status":"running","files":[],"created_time":"2026-07-08T12:03:48","progress":0,"credits_amount":0}}
[2026-07-08 14:04:03] Status for task 7L56KZ8Z4FS29XAW: Code=200, Response={"code":200,"data":{"task_id":"7L56KZ8Z4FS29XAW","status":"running","files":[],"created_time":"2026-07-08T12:03:48","progress":0,"credits_amount":0}}
[2026-07-08 14:04:07] Status for task 7L56KZ8Z4FS29XAW: Code=200, Response={"code":200,"data":{"task_id":"7L56KZ8Z4FS29XAW","status":"running","files":[],"created_time":"2026-07-08T12:03:48","progress":0,"credits_amount":0}}
[2026-07-08 14:04:11] Status for task 7L56KZ8Z4FS29XAW: Code=200, Response={"code":200,"data":{"task_id":"7L56KZ8Z4FS29XAW","status":"running","files":[],"created_time":"2026-07-08T12:03:48","progress":0,"credits_amount":0}}
[2026-07-08 14:04:15] Status for task 7L56KZ8Z4FS29XAW: Code=200, Response={"code":200,"data":{"task_id":"7L56KZ8Z4FS29XAW","status":"running","files":[],"created_time":"2026-07-08T12:03:48","progress":25,"credits_amount":0}}
[2026-07-08 14:04:19] Status for task 7L56KZ8Z4FS29XAW: Code=200, Response={"code":200,"data":{"task_id":"7L56KZ8Z4FS29XAW","status":"running","files":[],"created_time":"2026-07-08T12:03:48","progress":25,"credits_amount":0}}
[2026-07-08 14:04:23] Status for task 7L56KZ8Z4FS29XAW: Code=200, Response={"code":200,"data":{"task_id":"7L56KZ8Z4FS29XAW","status":"running","files":[],"created_time":"2026-07-08T12:03:48","progress":43,"credits_amount":0}}
[2026-07-08 14:04:27] Status for task 7L56KZ8Z4FS29XAW: Code=200, Response={"code":200,"data":{"task_id":"7L56KZ8Z4FS29XAW","status":"running","files":[],"created_time":"2026-07-08T12:03:48","progress":43,"credits_amount":0}}
[2026-07-08 14:04:31] Status for task 7L56KZ8Z4FS29XAW: Code=200, Response={"code":200,"data":{"task_id":"7L56KZ8Z4FS29XAW","status":"running","files":[],"created_time":"2026-07-08T12:03:48","progress":43,"credits_amount":0}}
[2026-07-08 14:04:35] Status for task 7L56KZ8Z4FS29XAW: Code=200, Response={"code":200,"data":{"task_id":"7L56KZ8Z4FS29XAW","status":"running","files":[],"created_time":"2026-07-08T12:03:48","progress":95,"credits_amount":0}}
[2026-07-08 14:04:39] Status for task 7L56KZ8Z4FS29XAW: Code=200, Response={"code":200,"data":{"task_id":"7L56KZ8Z4FS29XAW","status":"running","files":[],"created_time":"2026-07-08T12:03:48","progress":100,"credits_amount":0}}
[2026-07-08 14:04:43] Status for task 7L56KZ8Z4FS29XAW: Code=200, Response={"code":200,"data":{"task_id":"7L56KZ8Z4FS29XAW","status":"finished","files":[{"file_url":"https:\/\/cdn.doculator.org\/images\/7L56KZ8Z4FS29XAW\/image_20260708120440_TKdtUt.png","file_type":"image"}],"created_time":"2026-07-08T12:03:48","progress":100,"credits_amount":2}}
[2026-07-08 14:09:19] Submit task: Code=200, Response={"code":200,"data":{"task_id":"FN920PN9WBB9YF5Q","status":"not_started","created_time":"2026-07-08T12:09:21"}}
[2026-07-08 14:09:23] Status for task FN920PN9WBB9YF5Q: Code=200, Response={"code":200,"data":{"task_id":"FN920PN9WBB9YF5Q","status":"not_started","files":[],"created_time":"2026-07-08T12:09:21","progress":0,"credits_amount":0}}
[2026-07-08 14:09:26] Status for task FN920PN9WBB9YF5Q: Code=200, Response={"code":200,"data":{"task_id":"FN920PN9WBB9YF5Q","status":"running","files":[],"created_time":"2026-07-08T12:09:21","progress":0,"credits_amount":0}}
[2026-07-08 14:09:30] Status for task FN920PN9WBB9YF5Q: Code=200, Response={"code":200,"data":{"task_id":"FN920PN9WBB9YF5Q","status":"running","files":[],"created_time":"2026-07-08T12:09:21","progress":0,"credits_amount":0}}
[2026-07-08 14:09:34] Status for task FN920PN9WBB9YF5Q: Code=200, Response={"code":200,"data":{"task_id":"FN920PN9WBB9YF5Q","status":"running","files":[],"created_time":"2026-07-08T12:09:21","progress":0,"credits_amount":0}}
[2026-07-08 14:09:38] Status for task FN920PN9WBB9YF5Q: Code=200, Response={"code":200,"data":{"task_id":"FN920PN9WBB9YF5Q","status":"running","files":[],"created_time":"2026-07-08T12:09:21","progress":0,"credits_amount":0}}
[2026-07-08 14:09:41] Status for task FN920PN9WBB9YF5Q: Code=200, Response={"code":200,"data":{"task_id":"FN920PN9WBB9YF5Q","status":"running","files":[],"created_time":"2026-07-08T12:09:21","progress":0,"credits_amount":0}}
[2026-07-08 14:09:45] Status for task FN920PN9WBB9YF5Q: Code=200, Response={"code":200,"data":{"task_id":"FN920PN9WBB9YF5Q","status":"running","files":[],"created_time":"2026-07-08T12:09:21","progress":0,"credits_amount":0}}
[2026-07-08 14:09:49] Status for task FN920PN9WBB9YF5Q: Code=200, Response={"code":200,"data":{"task_id":"FN920PN9WBB9YF5Q","status":"running","files":[],"created_time":"2026-07-08T12:09:21","progress":0,"credits_amount":0}}
[2026-07-08 14:09:52] Status for task FN920PN9WBB9YF5Q: Code=200, Response={"code":200,"data":{"task_id":"FN920PN9WBB9YF5Q","status":"running","files":[],"created_time":"2026-07-08T12:09:21","progress":0,"credits_amount":0}}
[2026-07-08 14:09:56] Status for task FN920PN9WBB9YF5Q: Code=200, Response={"code":200,"data":{"task_id":"FN920PN9WBB9YF5Q","status":"running","files":[],"created_time":"2026-07-08T12:09:21","progress":0,"credits_amount":0}}
[2026-07-08 14:10:00] Status for task FN920PN9WBB9YF5Q: Code=200, Response={"code":200,"data":{"task_id":"FN920PN9WBB9YF5Q","status":"running","files":[],"created_time":"2026-07-08T12:09:21","progress":0,"credits_amount":0}}
[2026-07-08 14:10:04] Status for task FN920PN9WBB9YF5Q: Code=200, Response={"code":200,"data":{"task_id":"FN920PN9WBB9YF5Q","status":"running","files":[],"created_time":"2026-07-08T12:09:21","progress":0,"credits_amount":0}}
[2026-07-08 14:10:07] Status for task FN920PN9WBB9YF5Q: Code=200, Response={"code":200,"data":{"task_id":"FN920PN9WBB9YF5Q","status":"running","files":[],"created_time":"2026-07-08T12:09:21","progress":0,"credits_amount":0}}
[2026-07-08 14:10:11] Status for task FN920PN9WBB9YF5Q: Code=200, Response={"code":200,"data":{"task_id":"FN920PN9WBB9YF5Q","status":"running","files":[],"created_time":"2026-07-08T12:09:21","progress":0,"credits_amount":0}}
[2026-07-08 14:10:15] Status for task FN920PN9WBB9YF5Q: Code=200, Response={"code":200,"data":{"task_id":"FN920PN9WBB9YF5Q","status":"running","files":[],"created_time":"2026-07-08T12:09:21","progress":0,"credits_amount":0}}
[2026-07-08 14:10:18] Status for task FN920PN9WBB9YF5Q: Code=200, Response={"code":200,"data":{"task_id":"FN920PN9WBB9YF5Q","status":"running","files":[],"created_time":"2026-07-08T12:09:21","progress":0,"credits_amount":0}}
[2026-07-08 14:10:22] Status for task FN920PN9WBB9YF5Q: Code=200, Response={"code":200,"data":{"task_id":"FN920PN9WBB9YF5Q","status":"running","files":[],"created_time":"2026-07-08T12:09:21","progress":0,"credits_amount":0}}
[2026-07-08 14:10:26] Status for task FN920PN9WBB9YF5Q: Code=200, Response={"code":200,"data":{"task_id":"FN920PN9WBB9YF5Q","status":"running","files":[],"created_time":"2026-07-08T12:09:21","progress":0,"credits_amount":0}}
[2026-07-08 14:10:29] Status for task FN920PN9WBB9YF5Q: Code=200, Response={"code":200,"data":{"task_id":"FN920PN9WBB9YF5Q","status":"running","files":[],"created_time":"2026-07-08T12:09:21","progress":0,"credits_amount":0}}
[2026-07-08 14:10:33] Status for task FN920PN9WBB9YF5Q: Code=200, Response={"code":200,"data":{"task_id":"FN920PN9WBB9YF5Q","status":"running","files":[],"created_time":"2026-07-08T12:09:21","progress":0,"credits_amount":0}}
[2026-07-08 14:10:37] Status for task FN920PN9WBB9YF5Q: Code=200, Response={"code":200,"data":{"task_id":"FN920PN9WBB9YF5Q","status":"running","files":[],"created_time":"2026-07-08T12:09:21","progress":0,"credits_amount":0}}
[2026-07-08 14:10:41] Status for task FN920PN9WBB9YF5Q: Code=200, Response={"code":200,"data":{"task_id":"FN920PN9WBB9YF5Q","status":"running","files":[],"created_time":"2026-07-08T12:09:21","progress":0,"credits_amount":0}}
[2026-07-08 14:10:44] Status for task FN920PN9WBB9YF5Q: Code=200, Response={"code":200,"data":{"task_id":"FN920PN9WBB9YF5Q","status":"running","files":[],"created_time":"2026-07-08T12:09:21","progress":0,"credits_amount":0}}
[2026-07-08 14:10:48] Status for task FN920PN9WBB9YF5Q: Code=200, Response={"code":200,"data":{"task_id":"FN920PN9WBB9YF5Q","status":"running","files":[],"created_time":"2026-07-08T12:09:21","progress":0,"credits_amount":0}}
[2026-07-08 14:10:52] Status for task FN920PN9WBB9YF5Q: Code=200, Response={"code":200,"data":{"task_id":"FN920PN9WBB9YF5Q","status":"running","files":[],"created_time":"2026-07-08T12:09:21","progress":0,"credits_amount":0}}
[2026-07-08 14:10:55] Status for task FN920PN9WBB9YF5Q: Code=200, Response={"code":200,"data":{"task_id":"FN920PN9WBB9YF5Q","status":"running","files":[],"created_time":"2026-07-08T12:09:21","progress":0,"credits_amount":0}}
[2026-07-08 14:10:59] Status for task FN920PN9WBB9YF5Q: Code=200, Response={"code":200,"data":{"task_id":"FN920PN9WBB9YF5Q","status":"running","files":[],"created_time":"2026-07-08T12:09:21","progress":0,"credits_amount":0}}
[2026-07-08 14:11:03] Status for task FN920PN9WBB9YF5Q: Code=200, Response={"code":200,"data":{"task_id":"FN920PN9WBB9YF5Q","status":"running","files":[],"created_time":"2026-07-08T12:09:21","progress":0,"credits_amount":0}}
[2026-07-08 14:11:07] Status for task FN920PN9WBB9YF5Q: Code=200, Response={"code":200,"data":{"task_id":"FN920PN9WBB9YF5Q","status":"running","files":[],"created_time":"2026-07-08T12:09:21","progress":0,"credits_amount":0}}
[2026-07-08 14:11:10] Status for task FN920PN9WBB9YF5Q: Code=200, Response={"code":200,"data":{"task_id":"FN920PN9WBB9YF5Q","status":"running","files":[],"created_time":"2026-07-08T12:09:21","progress":0,"credits_amount":0}}
[2026-07-08 14:11:14] Status for task FN920PN9WBB9YF5Q: Code=200, Response={"code":200,"data":{"task_id":"FN920PN9WBB9YF5Q","status":"running","files":[],"created_time":"2026-07-08T12:09:21","progress":0,"credits_amount":0}}
[2026-07-08 14:11:18] Status for task FN920PN9WBB9YF5Q: Code=200, Response={"code":200,"data":{"task_id":"FN920PN9WBB9YF5Q","status":"running","files":[],"created_time":"2026-07-08T12:09:21","progress":0,"credits_amount":0}}
[2026-07-08 14:11:22] Status for task FN920PN9WBB9YF5Q: Code=200, Response={"code":200,"data":{"task_id":"FN920PN9WBB9YF5Q","status":"running","files":[],"created_time":"2026-07-08T12:09:21","progress":0,"credits_amount":0}}
[2026-07-08 14:11:25] Status for task FN920PN9WBB9YF5Q: Code=200, Response={"code":200,"data":{"task_id":"FN920PN9WBB9YF5Q","status":"running","files":[],"created_time":"2026-07-08T12:09:21","progress":0,"credits_amount":0}}
[2026-07-08 14:11:29] Status for task FN920PN9WBB9YF5Q: Code=200, Response={"code":200,"data":{"task_id":"FN920PN9WBB9YF5Q","status":"running","files":[],"created_time":"2026-07-08T12:09:21","progress":0,"credits_amount":0}}
[2026-07-08 14:11:33] Status for task FN920PN9WBB9YF5Q: Code=200, Response={"code":200,"data":{"task_id":"FN920PN9WBB9YF5Q","status":"running","files":[],"created_time":"2026-07-08T12:09:21","progress":0,"credits_amount":0}}
[2026-07-08 14:11:37] Status for task FN920PN9WBB9YF5Q: Code=200, Response={"code":200,"data":{"task_id":"FN920PN9WBB9YF5Q","status":"running","files":[],"created_time":"2026-07-08T12:09:21","progress":0,"credits_amount":0}}
[2026-07-08 14:11:41] Status for task FN920PN9WBB9YF5Q: Code=200, Response={"code":200,"data":{"task_id":"FN920PN9WBB9YF5Q","status":"running","files":[],"created_time":"2026-07-08T12:09:21","progress":0,"credits_amount":0}}
[2026-07-08 14:11:44] Status for task FN920PN9WBB9YF5Q: Code=200, Response={"code":200,"data":{"task_id":"FN920PN9WBB9YF5Q","status":"running","files":[],"created_time":"2026-07-08T12:09:21","progress":0,"credits_amount":0}}
[2026-07-08 14:11:49] Status for task FN920PN9WBB9YF5Q: Code=200, Response={"code":200,"data":{"task_id":"FN920PN9WBB9YF5Q","status":"running","files":[],"created_time":"2026-07-08T12:09:21","progress":0,"credits_amount":0}}
[2026-07-08 14:11:53] Status for task FN920PN9WBB9YF5Q: Code=200, Response={"code":200,"data":{"task_id":"FN920PN9WBB9YF5Q","status":"running","files":[],"created_time":"2026-07-08T12:09:21","progress":0,"credits_amount":0}}
[2026-07-08 14:11:57] Status for task FN920PN9WBB9YF5Q: Code=200, Response={"code":200,"data":{"task_id":"FN920PN9WBB9YF5Q","status":"running","files":[],"created_time":"2026-07-08T12:09:21","progress":0,"credits_amount":0}}
[2026-07-08 14:12:01] Status for task FN920PN9WBB9YF5Q: Code=200, Response={"code":200,"data":{"task_id":"FN920PN9WBB9YF5Q","status":"running","files":[],"created_time":"2026-07-08T12:09:21","progress":0,"credits_amount":0}}
[2026-07-08 14:12:05] Status for task FN920PN9WBB9YF5Q: Code=200, Response={"code":200,"data":{"task_id":"FN920PN9WBB9YF5Q","status":"running","files":[],"created_time":"2026-07-08T12:09:21","progress":0,"credits_amount":0}}
[2026-07-08 14:12:09] Status for task FN920PN9WBB9YF5Q: Code=200, Response={"code":200,"data":{"task_id":"FN920PN9WBB9YF5Q","status":"running","files":[],"created_time":"2026-07-08T12:09:21","progress":0,"credits_amount":0}}
[2026-07-08 14:12:13] Status for task FN920PN9WBB9YF5Q: Code=200, Response={"code":200,"data":{"task_id":"FN920PN9WBB9YF5Q","status":"running","files":[],"created_time":"2026-07-08T12:09:21","progress":0,"credits_amount":0}}
[2026-07-08 14:12:17] Status for task FN920PN9WBB9YF5Q: Code=200, Response={"code":200,"data":{"task_id":"FN920PN9WBB9YF5Q","status":"running","files":[],"created_time":"2026-07-08T12:09:21","progress":0,"credits_amount":0}}
[2026-07-08 14:12:21] Status for task FN920PN9WBB9YF5Q: Code=200, Response={"code":200,"data":{"task_id":"FN920PN9WBB9YF5Q","status":"running","files":[],"created_time":"2026-07-08T12:09:21","progress":0,"credits_amount":0}}
[2026-07-08 14:12:25] Status for task FN920PN9WBB9YF5Q: Code=200, Response={"code":200,"data":{"task_id":"FN920PN9WBB9YF5Q","status":"running","files":[],"created_time":"2026-07-08T12:09:21","progress":0,"credits_amount":0}}
[2026-07-08 14:12:29] Status for task FN920PN9WBB9YF5Q: Code=200, Response={"code":200,"data":{"task_id":"FN920PN9WBB9YF5Q","status":"running","files":[],"created_time":"2026-07-08T12:09:21","progress":0,"credits_amount":0}}
[2026-07-08 14:12:33] Status for task FN920PN9WBB9YF5Q: Code=200, Response={"code":200,"data":{"task_id":"FN920PN9WBB9YF5Q","status":"running","files":[],"created_time":"2026-07-08T12:09:21","progress":0,"credits_amount":0}}
[2026-07-08 14:12:37] Status for task FN920PN9WBB9YF5Q: Code=200, Response={"code":200,"data":{"task_id":"FN920PN9WBB9YF5Q","status":"running","files":[],"created_time":"2026-07-08T12:09:21","progress":0,"credits_amount":0}}
[2026-07-08 14:12:41] Status for task FN920PN9WBB9YF5Q: Code=200, Response={"code":200,"data":{"task_id":"FN920PN9WBB9YF5Q","status":"running","files":[],"created_time":"2026-07-08T12:09:21","progress":0,"credits_amount":0}}
[2026-07-08 14:12:45] Status for task FN920PN9WBB9YF5Q: Code=200, Response={"code":200,"data":{"task_id":"FN920PN9WBB9YF5Q","status":"running","files":[],"created_time":"2026-07-08T12:09:21","progress":25,"credits_amount":0}}
[2026-07-08 14:12:49] Status for task FN920PN9WBB9YF5Q: Code=200, Response={"code":200,"data":{"task_id":"FN920PN9WBB9YF5Q","status":"running","files":[],"created_time":"2026-07-08T12:09:21","progress":25,"credits_amount":0}}
[2026-07-08 14:13:05] Submit task: Code=200, Response={"code":200,"data":{"task_id":"4294E0HJT5LIGY9E","status":"not_started","created_time":"2026-07-08T12:13:06"}}
[2026-07-08 14:13:09] Status for task 4294E0HJT5LIGY9E: Code=200, Response={"code":200,"data":{"task_id":"4294E0HJT5LIGY9E","status":"not_started","files":[],"created_time":"2026-07-08T12:13:06","progress":0,"credits_amount":0}}
[2026-07-08 14:13:13] Status for task 4294E0HJT5LIGY9E: Code=200, Response={"code":200,"data":{"task_id":"4294E0HJT5LIGY9E","status":"running","files":[],"created_time":"2026-07-08T12:13:06","progress":0,"credits_amount":0}}
[2026-07-08 14:13:17] Status for task 4294E0HJT5LIGY9E: Code=200, Response={"code":200,"data":{"task_id":"4294E0HJT5LIGY9E","status":"running","files":[],"created_time":"2026-07-08T12:13:06","progress":0,"credits_amount":0}}
[2026-07-08 14:13:21] Status for task 4294E0HJT5LIGY9E: Code=200, Response={"code":200,"data":{"task_id":"4294E0HJT5LIGY9E","status":"running","files":[],"created_time":"2026-07-08T12:13:06","progress":0,"credits_amount":0}}
[2026-07-08 14:13:25] Status for task 4294E0HJT5LIGY9E: Code=200, Response={"code":200,"data":{"task_id":"4294E0HJT5LIGY9E","status":"running","files":[],"created_time":"2026-07-08T12:13:06","progress":0,"credits_amount":0}}
[2026-07-08 14:13:29] Status for task 4294E0HJT5LIGY9E: Code=200, Response={"code":200,"data":{"task_id":"4294E0HJT5LIGY9E","status":"running","files":[],"created_time":"2026-07-08T12:13:06","progress":0,"credits_amount":0}}
[2026-07-08 14:13:33] Status for task 4294E0HJT5LIGY9E: Code=200, Response={"code":200,"data":{"task_id":"4294E0HJT5LIGY9E","status":"running","files":[],"created_time":"2026-07-08T12:13:06","progress":25,"credits_amount":0}}
[2026-07-08 14:13:37] Status for task 4294E0HJT5LIGY9E: Code=200, Response={"code":200,"data":{"task_id":"4294E0HJT5LIGY9E","status":"running","files":[],"created_time":"2026-07-08T12:13:06","progress":25,"credits_amount":0}}
[2026-07-08 14:13:40] Status for task 4294E0HJT5LIGY9E: Code=200, Response={"code":200,"data":{"task_id":"4294E0HJT5LIGY9E","status":"running","files":[],"created_time":"2026-07-08T12:13:06","progress":25,"credits_amount":0}}
[2026-07-08 14:13:45] Status for task 4294E0HJT5LIGY9E: Code=200, Response={"code":200,"data":{"task_id":"4294E0HJT5LIGY9E","status":"running","files":[],"created_time":"2026-07-08T12:13:06","progress":43,"credits_amount":0}}
[2026-07-08 14:13:49] Status for task 4294E0HJT5LIGY9E: Code=200, Response={"code":200,"data":{"task_id":"4294E0HJT5LIGY9E","status":"running","files":[],"created_time":"2026-07-08T12:13:06","progress":43,"credits_amount":0}}
[2026-07-08 14:13:53] Status for task 4294E0HJT5LIGY9E: Code=200, Response={"code":200,"data":{"task_id":"4294E0HJT5LIGY9E","status":"running","files":[],"created_time":"2026-07-08T12:13:06","progress":43,"credits_amount":0}}
[2026-07-08 14:13:57] Status for task 4294E0HJT5LIGY9E: Code=200, Response={"code":200,"data":{"task_id":"4294E0HJT5LIGY9E","status":"running","files":[],"created_time":"2026-07-08T12:13:06","progress":95,"credits_amount":0}}
[2026-07-08 14:14:01] Status for task 4294E0HJT5LIGY9E: Code=200, Response={"code":200,"data":{"task_id":"4294E0HJT5LIGY9E","status":"running","files":[],"created_time":"2026-07-08T12:13:06","progress":100,"credits_amount":0}}
[2026-07-08 14:14:04] Status for task 4294E0HJT5LIGY9E: Code=200, Response={"code":200,"data":{"task_id":"4294E0HJT5LIGY9E","status":"finished","files":[{"file_url":"https:\/\/cdn.doculator.org\/images\/4294E0HJT5LIGY9E\/image_20260708121401_bhh4Ci.png","file_type":"image"}],"created_time":"2026-07-08T12:13:06","progress":100,"credits_amount":2}}
[2026-07-08 14:14:59] Submit task: Code=200, Response={"code":200,"data":{"task_id":"S45G8PRMK6E9X98U","status":"not_started","created_time":"2026-07-08T12:15:00"}}
[2026-07-08 14:15:02] Status for task S45G8PRMK6E9X98U: Code=200, Response={"code":200,"data":{"task_id":"S45G8PRMK6E9X98U","status":"running","files":[],"created_time":"2026-07-08T12:15:00","progress":0,"credits_amount":0}}
[2026-07-08 14:15:06] Status for task S45G8PRMK6E9X98U: Code=200, Response={"code":200,"data":{"task_id":"S45G8PRMK6E9X98U","status":"running","files":[],"created_time":"2026-07-08T12:15:00","progress":0,"credits_amount":0}}
[2026-07-08 14:15:10] Status for task S45G8PRMK6E9X98U: Code=200, Response={"code":200,"data":{"task_id":"S45G8PRMK6E9X98U","status":"running","files":[],"created_time":"2026-07-08T12:15:00","progress":0,"credits_amount":0}}
[2026-07-08 14:15:14] Status for task S45G8PRMK6E9X98U: Code=200, Response={"code":200,"data":{"task_id":"S45G8PRMK6E9X98U","status":"running","files":[],"created_time":"2026-07-08T12:15:00","progress":0,"credits_amount":0}}
[2026-07-08 14:15:17] Status for task S45G8PRMK6E9X98U: Code=200, Response={"code":200,"data":{"task_id":"S45G8PRMK6E9X98U","status":"running","files":[],"created_time":"2026-07-08T12:15:00","progress":0,"credits_amount":0}}
[2026-07-08 14:15:21] Status for task S45G8PRMK6E9X98U: Code=200, Response={"code":200,"data":{"task_id":"S45G8PRMK6E9X98U","status":"running","files":[],"created_time":"2026-07-08T12:15:00","progress":25,"credits_amount":0}}
[2026-07-08 14:15:25] Status for task S45G8PRMK6E9X98U: Code=200, Response={"code":200,"data":{"task_id":"S45G8PRMK6E9X98U","status":"running","files":[],"created_time":"2026-07-08T12:15:00","progress":25,"credits_amount":0}}
[2026-07-08 14:15:28] Status for task S45G8PRMK6E9X98U: Code=200, Response={"code":200,"data":{"task_id":"S45G8PRMK6E9X98U","status":"running","files":[],"created_time":"2026-07-08T12:15:00","progress":25,"credits_amount":0}}
[2026-07-08 14:15:32] Status for task S45G8PRMK6E9X98U: Code=200, Response={"code":200,"data":{"task_id":"S45G8PRMK6E9X98U","status":"running","files":[],"created_time":"2026-07-08T12:15:00","progress":43,"credits_amount":0}}
[2026-07-08 14:15:36] Status for task S45G8PRMK6E9X98U: Code=200, Response={"code":200,"data":{"task_id":"S45G8PRMK6E9X98U","status":"running","files":[],"created_time":"2026-07-08T12:15:00","progress":43,"credits_amount":0}}
[2026-07-08 14:15:39] Status for task S45G8PRMK6E9X98U: Code=200, Response={"code":200,"data":{"task_id":"S45G8PRMK6E9X98U","status":"running","files":[],"created_time":"2026-07-08T12:15:00","progress":43,"credits_amount":0}}
[2026-07-08 14:15:43] Status for task S45G8PRMK6E9X98U: Code=200, Response={"code":200,"data":{"task_id":"S45G8PRMK6E9X98U","status":"running","files":[],"created_time":"2026-07-08T12:15:00","progress":57,"credits_amount":0}}
[2026-07-08 14:15:47] Status for task S45G8PRMK6E9X98U: Code=200, Response={"code":200,"data":{"task_id":"S45G8PRMK6E9X98U","status":"running","files":[],"created_time":"2026-07-08T12:15:00","progress":57,"credits_amount":0}}
[2026-07-08 14:15:51] Status for task S45G8PRMK6E9X98U: Code=200, Response={"code":200,"data":{"task_id":"S45G8PRMK6E9X98U","status":"running","files":[],"created_time":"2026-07-08T12:15:00","progress":68,"credits_amount":0}}
[2026-07-08 14:15:54] Status for task S45G8PRMK6E9X98U: Code=200, Response={"code":200,"data":{"task_id":"S45G8PRMK6E9X98U","status":"running","files":[],"created_time":"2026-07-08T12:15:00","progress":68,"credits_amount":0}}
[2026-07-08 14:15:58] Status for task S45G8PRMK6E9X98U: Code=200, Response={"code":200,"data":{"task_id":"S45G8PRMK6E9X98U","status":"running","files":[],"created_time":"2026-07-08T12:15:00","progress":68,"credits_amount":0}}
[2026-07-08 14:16:02] Status for task S45G8PRMK6E9X98U: Code=200, Response={"code":200,"data":{"task_id":"S45G8PRMK6E9X98U","status":"running","files":[],"created_time":"2026-07-08T12:15:00","progress":95,"credits_amount":0}}
[2026-07-08 14:16:06] Status for task S45G8PRMK6E9X98U: Code=200, Response={"code":200,"data":{"task_id":"S45G8PRMK6E9X98U","status":"running","files":[],"created_time":"2026-07-08T12:15:00","progress":95,"credits_amount":0}}
[2026-07-08 14:16:09] Status for task S45G8PRMK6E9X98U: Code=200, Response={"code":200,"data":{"task_id":"S45G8PRMK6E9X98U","status":"running","files":[],"created_time":"2026-07-08T12:15:00","progress":100,"credits_amount":0}}
[2026-07-08 14:16:13] Status for task S45G8PRMK6E9X98U: Code=200, Response={"code":200,"data":{"task_id":"S45G8PRMK6E9X98U","status":"finished","files":[{"file_url":"https:\/\/cdn.doculator.org\/images\/S45G8PRMK6E9X98U\/image_20260708121610_5IpxyA.png","file_type":"image"}],"created_time":"2026-07-08T12:15:00","progress":100,"credits_amount":2}}
[2026-07-08 14:20:46] Submit task: Code=200, Response={"code":200,"data":{"task_id":"1VZASY1A20C2L26F","status":"not_started","created_time":"2026-07-08T12:20:48"}}
[2026-07-08 14:20:50] Status for task 1VZASY1A20C2L26F: Code=200, Response={"code":200,"data":{"task_id":"1VZASY1A20C2L26F","status":"running","files":[],"created_time":"2026-07-08T12:20:48","progress":0,"credits_amount":0}}
[2026-07-08 14:20:54] Status for task 1VZASY1A20C2L26F: Code=200, Response={"code":200,"data":{"task_id":"1VZASY1A20C2L26F","status":"running","files":[],"created_time":"2026-07-08T12:20:48","progress":0,"credits_amount":0}}
[2026-07-08 14:20:57] Status for task 1VZASY1A20C2L26F: Code=200, Response={"code":200,"data":{"task_id":"1VZASY1A20C2L26F","status":"running","files":[],"created_time":"2026-07-08T12:20:48","progress":0,"credits_amount":0}}
[2026-07-08 14:21:01] Status for task 1VZASY1A20C2L26F: Code=200, Response={"code":200,"data":{"task_id":"1VZASY1A20C2L26F","status":"running","files":[],"created_time":"2026-07-08T12:20:48","progress":0,"credits_amount":0}}
[2026-07-08 14:21:05] Status for task 1VZASY1A20C2L26F: Code=200, Response={"code":200,"data":{"task_id":"1VZASY1A20C2L26F","status":"running","files":[],"created_time":"2026-07-08T12:20:48","progress":0,"credits_amount":0}}
[2026-07-08 14:21:08] Status for task 1VZASY1A20C2L26F: Code=200, Response={"code":200,"data":{"task_id":"1VZASY1A20C2L26F","status":"running","files":[],"created_time":"2026-07-08T12:20:48","progress":0,"credits_amount":0}}
[2026-07-08 14:21:12] Status for task 1VZASY1A20C2L26F: Code=200, Response={"code":200,"data":{"task_id":"1VZASY1A20C2L26F","status":"running","files":[],"created_time":"2026-07-08T12:20:48","progress":0,"credits_amount":0}}
[2026-07-08 14:21:16] Status for task 1VZASY1A20C2L26F: Code=200, Response={"code":200,"data":{"task_id":"1VZASY1A20C2L26F","status":"running","files":[],"created_time":"2026-07-08T12:20:48","progress":0,"credits_amount":0}}
[2026-07-08 14:21:19] Status for task 1VZASY1A20C2L26F: Code=200, Response={"code":200,"data":{"task_id":"1VZASY1A20C2L26F","status":"running","files":[],"created_time":"2026-07-08T12:20:48","progress":0,"credits_amount":0}}
[2026-07-08 14:21:23] Status for task 1VZASY1A20C2L26F: Code=200, Response={"code":200,"data":{"task_id":"1VZASY1A20C2L26F","status":"running","files":[],"created_time":"2026-07-08T12:20:48","progress":0,"credits_amount":0}}
[2026-07-08 14:21:27] Status for task 1VZASY1A20C2L26F: Code=200, Response={"code":200,"data":{"task_id":"1VZASY1A20C2L26F","status":"running","files":[],"created_time":"2026-07-08T12:20:48","progress":0,"credits_amount":0}}
[2026-07-08 14:21:31] Status for task 1VZASY1A20C2L26F: Code=200, Response={"code":200,"data":{"task_id":"1VZASY1A20C2L26F","status":"running","files":[],"created_time":"2026-07-08T12:20:48","progress":0,"credits_amount":0}}
[2026-07-08 14:21:34] Status for task 1VZASY1A20C2L26F: Code=200, Response={"code":200,"data":{"task_id":"1VZASY1A20C2L26F","status":"running","files":[],"created_time":"2026-07-08T12:20:48","progress":0,"credits_amount":0}}
[2026-07-08 14:21:38] Status for task 1VZASY1A20C2L26F: Code=200, Response={"code":200,"data":{"task_id":"1VZASY1A20C2L26F","status":"running","files":[],"created_time":"2026-07-08T12:20:48","progress":0,"credits_amount":0}}
[2026-07-08 14:21:42] Status for task 1VZASY1A20C2L26F: Code=200, Response={"code":200,"data":{"task_id":"1VZASY1A20C2L26F","status":"running","files":[],"created_time":"2026-07-08T12:20:48","progress":0,"credits_amount":0}}
[2026-07-08 14:21:46] Status for task 1VZASY1A20C2L26F: Code=200, Response={"code":200,"data":{"task_id":"1VZASY1A20C2L26F","status":"running","files":[],"created_time":"2026-07-08T12:20:48","progress":0,"credits_amount":0}}
[2026-07-08 14:21:49] Status for task 1VZASY1A20C2L26F: Code=200, Response={"code":200,"data":{"task_id":"1VZASY1A20C2L26F","status":"running","files":[],"created_time":"2026-07-08T12:20:48","progress":0,"credits_amount":0}}
[2026-07-08 14:21:53] Status for task 1VZASY1A20C2L26F: Code=200, Response={"code":200,"data":{"task_id":"1VZASY1A20C2L26F","status":"running","files":[],"created_time":"2026-07-08T12:20:48","progress":0,"credits_amount":0}}
[2026-07-08 14:21:57] Status for task 1VZASY1A20C2L26F: Code=200, Response={"code":200,"data":{"task_id":"1VZASY1A20C2L26F","status":"running","files":[],"created_time":"2026-07-08T12:20:48","progress":0,"credits_amount":0}}
[2026-07-08 14:22:01] Status for task 1VZASY1A20C2L26F: Code=200, Response={"code":200,"data":{"task_id":"1VZASY1A20C2L26F","status":"running","files":[],"created_time":"2026-07-08T12:20:48","progress":0,"credits_amount":0}}
[2026-07-08 14:22:04] Status for task 1VZASY1A20C2L26F: Code=200, Response={"code":200,"data":{"task_id":"1VZASY1A20C2L26F","status":"running","files":[],"created_time":"2026-07-08T12:20:48","progress":0,"credits_amount":0}}
[2026-07-08 14:22:08] Status for task 1VZASY1A20C2L26F: Code=200, Response={"code":200,"data":{"task_id":"1VZASY1A20C2L26F","status":"running","files":[],"created_time":"2026-07-08T12:20:48","progress":0,"credits_amount":0}}
[2026-07-08 14:22:12] Status for task 1VZASY1A20C2L26F: Code=200, Response={"code":200,"data":{"task_id":"1VZASY1A20C2L26F","status":"running","files":[],"created_time":"2026-07-08T12:20:48","progress":0,"credits_amount":0}}
[2026-07-08 14:22:15] Status for task 1VZASY1A20C2L26F: Code=200, Response={"code":200,"data":{"task_id":"1VZASY1A20C2L26F","status":"running","files":[],"created_time":"2026-07-08T12:20:48","progress":0,"credits_amount":0}}
[2026-07-08 14:22:19] Status for task 1VZASY1A20C2L26F: Code=200, Response={"code":200,"data":{"task_id":"1VZASY1A20C2L26F","status":"running","files":[],"created_time":"2026-07-08T12:20:48","progress":0,"credits_amount":0}}
[2026-07-08 14:22:23] Status for task 1VZASY1A20C2L26F: Code=200, Response={"code":200,"data":{"task_id":"1VZASY1A20C2L26F","status":"running","files":[],"created_time":"2026-07-08T12:20:48","progress":0,"credits_amount":0}}
[2026-07-08 14:22:26] Status for task 1VZASY1A20C2L26F: Code=200, Response={"code":200,"data":{"task_id":"1VZASY1A20C2L26F","status":"running","files":[],"created_time":"2026-07-08T12:20:48","progress":0,"credits_amount":0}}
[2026-07-08 14:22:30] Status for task 1VZASY1A20C2L26F: Code=200, Response={"code":200,"data":{"task_id":"1VZASY1A20C2L26F","status":"running","files":[],"created_time":"2026-07-08T12:20:48","progress":0,"credits_amount":0}}
[2026-07-08 14:22:34] Status for task 1VZASY1A20C2L26F: Code=200, Response={"code":200,"data":{"task_id":"1VZASY1A20C2L26F","status":"running","files":[],"created_time":"2026-07-08T12:20:48","progress":0,"credits_amount":0}}
[2026-07-08 14:22:37] Status for task 1VZASY1A20C2L26F: Code=200, Response={"code":200,"data":{"task_id":"1VZASY1A20C2L26F","status":"running","files":[],"created_time":"2026-07-08T12:20:48","progress":0,"credits_amount":0}}
[2026-07-08 14:22:41] Status for task 1VZASY1A20C2L26F: Code=200, Response={"code":200,"data":{"task_id":"1VZASY1A20C2L26F","status":"running","files":[],"created_time":"2026-07-08T12:20:48","progress":0,"credits_amount":0}}
[2026-07-08 14:22:45] Status for task 1VZASY1A20C2L26F: Code=200, Response={"code":200,"data":{"task_id":"1VZASY1A20C2L26F","status":"running","files":[],"created_time":"2026-07-08T12:20:48","progress":0,"credits_amount":0}}
[2026-07-08 14:22:49] Status for task 1VZASY1A20C2L26F: Code=200, Response={"code":200,"data":{"task_id":"1VZASY1A20C2L26F","status":"running","files":[],"created_time":"2026-07-08T12:20:48","progress":0,"credits_amount":0}}
[2026-07-08 14:22:52] Status for task 1VZASY1A20C2L26F: Code=200, Response={"code":200,"data":{"task_id":"1VZASY1A20C2L26F","status":"running","files":[],"created_time":"2026-07-08T12:20:48","progress":0,"credits_amount":0}}
[2026-07-08 14:22:56] Status for task 1VZASY1A20C2L26F: Code=200, Response={"code":200,"data":{"task_id":"1VZASY1A20C2L26F","status":"running","files":[],"created_time":"2026-07-08T12:20:48","progress":0,"credits_amount":0}}
[2026-07-08 14:23:00] Status for task 1VZASY1A20C2L26F: Code=200, Response={"code":200,"data":{"task_id":"1VZASY1A20C2L26F","status":"running","files":[],"created_time":"2026-07-08T12:20:48","progress":0,"credits_amount":0}}
[2026-07-08 14:23:03] Status for task 1VZASY1A20C2L26F: Code=200, Response={"code":200,"data":{"task_id":"1VZASY1A20C2L26F","status":"running","files":[],"created_time":"2026-07-08T12:20:48","progress":0,"credits_amount":0}}
[2026-07-08 14:23:07] Status for task 1VZASY1A20C2L26F: Code=200, Response={"code":200,"data":{"task_id":"1VZASY1A20C2L26F","status":"running","files":[],"created_time":"2026-07-08T12:20:48","progress":0,"credits_amount":0}}
[2026-07-08 14:23:11] Status for task 1VZASY1A20C2L26F: Code=200, Response={"code":200,"data":{"task_id":"1VZASY1A20C2L26F","status":"running","files":[],"created_time":"2026-07-08T12:20:48","progress":0,"credits_amount":0}}
[2026-07-08 14:23:15] Status for task 1VZASY1A20C2L26F: Code=200, Response={"code":200,"data":{"task_id":"1VZASY1A20C2L26F","status":"running","files":[],"created_time":"2026-07-08T12:20:48","progress":0,"credits_amount":0}}
[2026-07-08 14:23:18] Status for task 1VZASY1A20C2L26F: Code=200, Response={"code":200,"data":{"task_id":"1VZASY1A20C2L26F","status":"running","files":[],"created_time":"2026-07-08T12:20:48","progress":0,"credits_amount":0}}
[2026-07-08 14:23:22] Status for task 1VZASY1A20C2L26F: Code=200, Response={"code":200,"data":{"task_id":"1VZASY1A20C2L26F","status":"running","files":[],"created_time":"2026-07-08T12:20:48","progress":0,"credits_amount":0}}
[2026-07-08 14:23:26] Status for task 1VZASY1A20C2L26F: Code=200, Response={"code":200,"data":{"task_id":"1VZASY1A20C2L26F","status":"running","files":[],"created_time":"2026-07-08T12:20:48","progress":0,"credits_amount":0}}
[2026-07-08 14:23:29] Status for task 1VZASY1A20C2L26F: Code=200, Response={"code":200,"data":{"task_id":"1VZASY1A20C2L26F","status":"running","files":[],"created_time":"2026-07-08T12:20:48","progress":0,"credits_amount":0}}
[2026-07-08 14:23:33] Status for task 1VZASY1A20C2L26F: Code=200, Response={"code":200,"data":{"task_id":"1VZASY1A20C2L26F","status":"running","files":[],"created_time":"2026-07-08T12:20:48","progress":0,"credits_amount":0}}
[2026-07-08 14:23:37] Status for task 1VZASY1A20C2L26F: Code=200, Response={"code":200,"data":{"task_id":"1VZASY1A20C2L26F","status":"running","files":[],"created_time":"2026-07-08T12:20:48","progress":0,"credits_amount":0}}
[2026-07-08 14:23:41] Status for task 1VZASY1A20C2L26F: Code=200, Response={"code":200,"data":{"task_id":"1VZASY1A20C2L26F","status":"running","files":[],"created_time":"2026-07-08T12:20:48","progress":0,"credits_amount":0}}
[2026-07-08 14:23:44] Status for task 1VZASY1A20C2L26F: Code=200, Response={"code":200,"data":{"task_id":"1VZASY1A20C2L26F","status":"running","files":[],"created_time":"2026-07-08T12:20:48","progress":0,"credits_amount":0}}
[2026-07-08 14:23:48] Status for task 1VZASY1A20C2L26F: Code=200, Response={"code":200,"data":{"task_id":"1VZASY1A20C2L26F","status":"running","files":[],"created_time":"2026-07-08T12:20:48","progress":0,"credits_amount":0}}
[2026-07-08 14:23:52] Status for task 1VZASY1A20C2L26F: Code=200, Response={"code":200,"data":{"task_id":"1VZASY1A20C2L26F","status":"running","files":[],"created_time":"2026-07-08T12:20:48","progress":0,"credits_amount":0}}
[2026-07-08 14:23:56] Status for task 1VZASY1A20C2L26F: Code=200, Response={"code":200,"data":{"task_id":"1VZASY1A20C2L26F","status":"running","files":[],"created_time":"2026-07-08T12:20:48","progress":0,"credits_amount":0}}
[2026-07-08 14:23:59] Status for task 1VZASY1A20C2L26F: Code=200, Response={"code":200,"data":{"task_id":"1VZASY1A20C2L26F","status":"running","files":[],"created_time":"2026-07-08T12:20:48","progress":0,"credits_amount":0}}
[2026-07-08 14:24:03] Status for task 1VZASY1A20C2L26F: Code=200, Response={"code":200,"data":{"task_id":"1VZASY1A20C2L26F","status":"running","files":[],"created_time":"2026-07-08T12:20:48","progress":0,"credits_amount":0}}
[2026-07-08 14:24:07] Status for task 1VZASY1A20C2L26F: Code=200, Response={"code":200,"data":{"task_id":"1VZASY1A20C2L26F","status":"running","files":[],"created_time":"2026-07-08T12:20:48","progress":0,"credits_amount":0}}
[2026-07-08 14:24:10] Status for task 1VZASY1A20C2L26F: Code=200, Response={"code":200,"data":{"task_id":"1VZASY1A20C2L26F","status":"running","files":[],"created_time":"2026-07-08T12:20:48","progress":0,"credits_amount":0}}
[2026-07-08 14:24:14] Status for task 1VZASY1A20C2L26F: Code=200, Response={"code":200,"data":{"task_id":"1VZASY1A20C2L26F","status":"running","files":[],"created_time":"2026-07-08T12:20:48","progress":0,"credits_amount":0}}
[2026-07-08 14:24:18] Status for task 1VZASY1A20C2L26F: Code=200, Response={"code":200,"data":{"task_id":"1VZASY1A20C2L26F","status":"running","files":[],"created_time":"2026-07-08T12:20:48","progress":0,"credits_amount":0}}
[2026-07-08 14:24:21] Status for task 1VZASY1A20C2L26F: Code=200, Response={"code":200,"data":{"task_id":"1VZASY1A20C2L26F","status":"running","files":[],"created_time":"2026-07-08T12:20:48","progress":0,"credits_amount":0}}
[2026-07-08 14:24:25] Status for task 1VZASY1A20C2L26F: Code=200, Response={"code":200,"data":{"task_id":"1VZASY1A20C2L26F","status":"running","files":[],"created_time":"2026-07-08T12:20:48","progress":0,"credits_amount":0}}
[2026-07-08 14:24:29] Status for task 1VZASY1A20C2L26F: Code=200, Response={"code":200,"data":{"task_id":"1VZASY1A20C2L26F","status":"running","files":[],"created_time":"2026-07-08T12:20:48","progress":0,"credits_amount":0}}
[2026-07-08 14:24:33] Status for task 1VZASY1A20C2L26F: Code=200, Response={"code":200,"data":{"task_id":"1VZASY1A20C2L26F","status":"running","files":[],"created_time":"2026-07-08T12:20:48","progress":0,"credits_amount":0}}
[2026-07-08 14:24:37] Status for task 1VZASY1A20C2L26F: Code=200, Response={"code":200,"data":{"task_id":"1VZASY1A20C2L26F","status":"running","files":[],"created_time":"2026-07-08T12:20:48","progress":0,"credits_amount":0}}
[2026-07-08 14:24:40] Status for task 1VZASY1A20C2L26F: Code=200, Response={"code":200,"data":{"task_id":"1VZASY1A20C2L26F","status":"running","files":[],"created_time":"2026-07-08T12:20:48","progress":0,"credits_amount":0}}
[2026-07-08 14:24:44] Status for task 1VZASY1A20C2L26F: Code=200, Response={"code":200,"data":{"task_id":"1VZASY1A20C2L26F","status":"running","files":[],"created_time":"2026-07-08T12:20:48","progress":0,"credits_amount":0}}
[2026-07-08 14:24:49] Status for task 1VZASY1A20C2L26F: Code=200, Response={"code":200,"data":{"task_id":"1VZASY1A20C2L26F","status":"running","files":[],"created_time":"2026-07-08T12:20:48","progress":0,"credits_amount":0}}
[2026-07-08 14:24:52] Status for task 1VZASY1A20C2L26F: Code=200, Response={"code":200,"data":{"task_id":"1VZASY1A20C2L26F","status":"running","files":[],"created_time":"2026-07-08T12:20:48","progress":0,"credits_amount":0}}
[2026-07-08 14:24:56] Status for task 1VZASY1A20C2L26F: Code=200, Response={"code":200,"data":{"task_id":"1VZASY1A20C2L26F","status":"running","files":[],"created_time":"2026-07-08T12:20:48","progress":0,"credits_amount":0}}
[2026-07-08 14:25:18] Submit task: Code=200, Response={"code":200,"data":{"task_id":"ZAGMRH0B5IRSXWHB","status":"not_started","created_time":"2026-07-08T12:25:20"}}
[2026-07-08 14:25:22] Status for task ZAGMRH0B5IRSXWHB: Code=200, Response={"code":200,"data":{"task_id":"ZAGMRH0B5IRSXWHB","status":"running","files":[],"created_time":"2026-07-08T12:25:20","progress":0,"credits_amount":0}}
[2026-07-08 14:25:26] Status for task ZAGMRH0B5IRSXWHB: Code=200, Response={"code":200,"data":{"task_id":"ZAGMRH0B5IRSXWHB","status":"running","files":[],"created_time":"2026-07-08T12:25:20","progress":0,"credits_amount":0}}
[2026-07-08 14:25:29] Status for task ZAGMRH0B5IRSXWHB: Code=200, Response={"code":200,"data":{"task_id":"ZAGMRH0B5IRSXWHB","status":"running","files":[],"created_time":"2026-07-08T12:25:20","progress":0,"credits_amount":0}}
[2026-07-08 14:25:33] Status for task ZAGMRH0B5IRSXWHB: Code=200, Response={"code":200,"data":{"task_id":"ZAGMRH0B5IRSXWHB","status":"running","files":[],"created_time":"2026-07-08T12:25:20","progress":0,"credits_amount":0}}
[2026-07-08 14:25:37] Status for task ZAGMRH0B5IRSXWHB: Code=200, Response={"code":200,"data":{"task_id":"ZAGMRH0B5IRSXWHB","status":"running","files":[],"created_time":"2026-07-08T12:25:20","progress":0,"credits_amount":0}}
[2026-07-08 14:25:40] Status for task ZAGMRH0B5IRSXWHB: Code=200, Response={"code":200,"data":{"task_id":"ZAGMRH0B5IRSXWHB","status":"running","files":[],"created_time":"2026-07-08T12:25:20","progress":0,"credits_amount":0}}
[2026-07-08 14:25:44] Status for task ZAGMRH0B5IRSXWHB: Code=200, Response={"code":200,"data":{"task_id":"ZAGMRH0B5IRSXWHB","status":"running","files":[],"created_time":"2026-07-08T12:25:20","progress":25,"credits_amount":0}}
[2026-07-08 14:25:48] Status for task ZAGMRH0B5IRSXWHB: Code=200, Response={"code":200,"data":{"task_id":"ZAGMRH0B5IRSXWHB","status":"running","files":[],"created_time":"2026-07-08T12:25:20","progress":25,"credits_amount":0}}
[2026-07-08 14:25:52] Status for task ZAGMRH0B5IRSXWHB: Code=200, Response={"code":200,"data":{"task_id":"ZAGMRH0B5IRSXWHB","status":"running","files":[],"created_time":"2026-07-08T12:25:20","progress":43,"credits_amount":0}}
[2026-07-08 14:25:56] Status for task ZAGMRH0B5IRSXWHB: Code=200, Response={"code":200,"data":{"task_id":"ZAGMRH0B5IRSXWHB","status":"running","files":[],"created_time":"2026-07-08T12:25:20","progress":43,"credits_amount":0}}
[2026-07-08 14:26:00] Status for task ZAGMRH0B5IRSXWHB: Code=200, Response={"code":200,"data":{"task_id":"ZAGMRH0B5IRSXWHB","status":"running","files":[],"created_time":"2026-07-08T12:25:20","progress":43,"credits_amount":0}}
[2026-07-08 14:26:03] Status for task ZAGMRH0B5IRSXWHB: Code=200, Response={"code":200,"data":{"task_id":"ZAGMRH0B5IRSXWHB","status":"running","files":[],"created_time":"2026-07-08T12:25:20","progress":57,"credits_amount":0}}
[2026-07-08 14:26:07] Status for task ZAGMRH0B5IRSXWHB: Code=200, Response={"code":200,"data":{"task_id":"ZAGMRH0B5IRSXWHB","status":"running","files":[],"created_time":"2026-07-08T12:25:20","progress":57,"credits_amount":0}}
[2026-07-08 14:26:11] Status for task ZAGMRH0B5IRSXWHB: Code=200, Response={"code":200,"data":{"task_id":"ZAGMRH0B5IRSXWHB","status":"running","files":[],"created_time":"2026-07-08T12:25:20","progress":57,"credits_amount":0}}
[2026-07-08 14:26:15] Status for task ZAGMRH0B5IRSXWHB: Code=200, Response={"code":200,"data":{"task_id":"ZAGMRH0B5IRSXWHB","status":"running","files":[],"created_time":"2026-07-08T12:25:20","progress":68,"credits_amount":0}}
[2026-07-08 14:26:18] Status for task ZAGMRH0B5IRSXWHB: Code=200, Response={"code":200,"data":{"task_id":"ZAGMRH0B5IRSXWHB","status":"running","files":[],"created_time":"2026-07-08T12:25:20","progress":68,"credits_amount":0}}
[2026-07-08 14:26:22] Status for task ZAGMRH0B5IRSXWHB: Code=200, Response={"code":200,"data":{"task_id":"ZAGMRH0B5IRSXWHB","status":"running","files":[],"created_time":"2026-07-08T12:25:20","progress":68,"credits_amount":0}}
[2026-07-08 14:26:26] Status for task ZAGMRH0B5IRSXWHB: Code=200, Response={"code":200,"data":{"task_id":"ZAGMRH0B5IRSXWHB","status":"running","files":[],"created_time":"2026-07-08T12:25:20","progress":68,"credits_amount":0}}
[2026-07-08 14:26:30] Status for task ZAGMRH0B5IRSXWHB: Code=200, Response={"code":200,"data":{"task_id":"ZAGMRH0B5IRSXWHB","status":"running","files":[],"created_time":"2026-07-08T12:25:20","progress":76,"credits_amount":0}}
[2026-07-08 14:26:33] Status for task ZAGMRH0B5IRSXWHB: Code=200, Response={"code":200,"data":{"task_id":"ZAGMRH0B5IRSXWHB","status":"running","files":[],"created_time":"2026-07-08T12:25:20","progress":76,"credits_amount":0}}
[2026-07-08 14:26:37] Status for task ZAGMRH0B5IRSXWHB: Code=200, Response={"code":200,"data":{"task_id":"ZAGMRH0B5IRSXWHB","status":"running","files":[],"created_time":"2026-07-08T12:25:20","progress":76,"credits_amount":0}}
[2026-07-08 14:26:41] Status for task ZAGMRH0B5IRSXWHB: Code=200, Response={"code":200,"data":{"task_id":"ZAGMRH0B5IRSXWHB","status":"running","files":[],"created_time":"2026-07-08T12:25:20","progress":95,"credits_amount":0}}
[2026-07-08 14:26:45] Status for task ZAGMRH0B5IRSXWHB: Code=200, Response={"code":200,"data":{"task_id":"ZAGMRH0B5IRSXWHB","status":"running","files":[],"created_time":"2026-07-08T12:25:20","progress":95,"credits_amount":0}}
[2026-07-08 14:26:48] Status for task ZAGMRH0B5IRSXWHB: Code=200, Response={"code":200,"data":{"task_id":"ZAGMRH0B5IRSXWHB","status":"running","files":[],"created_time":"2026-07-08T12:25:20","progress":100,"credits_amount":0}}
[2026-07-08 14:26:52] Status for task ZAGMRH0B5IRSXWHB: Code=200, Response={"code":200,"data":{"task_id":"ZAGMRH0B5IRSXWHB","status":"running","files":[],"created_time":"2026-07-08T12:25:20","progress":100,"credits_amount":0}}
[2026-07-08 14:26:56] Status for task ZAGMRH0B5IRSXWHB: Code=200, Response={"code":200,"data":{"task_id":"ZAGMRH0B5IRSXWHB","status":"finished","files":[{"file_url":"https:\/\/cdn.doculator.org\/images\/ZAGMRH0B5IRSXWHB\/image_20260708122646_MSLxXi.png","file_type":"image"}],"created_time":"2026-07-08T12:25:20","progress":100,"credits_amount":2}}
[2026-07-08 14:27:58] Submit task: Code=200, Response={"code":200,"data":{"task_id":"I8NOB9I7T7UPIZ69","status":"not_started","created_time":"2026-07-08T12:27:59"}}
[2026-07-08 14:28:01] Status for task I8NOB9I7T7UPIZ69: Code=200, Response={"code":200,"data":{"task_id":"I8NOB9I7T7UPIZ69","status":"not_started","files":[],"created_time":"2026-07-08T12:27:59","progress":0,"credits_amount":0}}
[2026-07-08 14:28:05] Status for task I8NOB9I7T7UPIZ69: Code=200, Response={"code":200,"data":{"task_id":"I8NOB9I7T7UPIZ69","status":"running","files":[],"created_time":"2026-07-08T12:27:59","progress":0,"credits_amount":0}}
[2026-07-08 14:28:09] Status for task I8NOB9I7T7UPIZ69: Code=200, Response={"code":200,"data":{"task_id":"I8NOB9I7T7UPIZ69","status":"running","files":[],"created_time":"2026-07-08T12:27:59","progress":0,"credits_amount":0}}
[2026-07-08 14:28:13] Status for task I8NOB9I7T7UPIZ69: Code=200, Response={"code":200,"data":{"task_id":"I8NOB9I7T7UPIZ69","status":"running","files":[],"created_time":"2026-07-08T12:27:59","progress":0,"credits_amount":0}}
[2026-07-08 14:28:17] Status for task I8NOB9I7T7UPIZ69: Code=200, Response={"code":200,"data":{"task_id":"I8NOB9I7T7UPIZ69","status":"running","files":[],"created_time":"2026-07-08T12:27:59","progress":0,"credits_amount":0}}
[2026-07-08 14:28:21] Status for task I8NOB9I7T7UPIZ69: Code=200, Response={"code":200,"data":{"task_id":"I8NOB9I7T7UPIZ69","status":"running","files":[],"created_time":"2026-07-08T12:27:59","progress":0,"credits_amount":0}}
[2026-07-08 14:28:25] Status for task I8NOB9I7T7UPIZ69: Code=200, Response={"code":200,"data":{"task_id":"I8NOB9I7T7UPIZ69","status":"running","files":[],"created_time":"2026-07-08T12:27:59","progress":0,"credits_amount":0}}
[2026-07-08 14:28:28] Status for task I8NOB9I7T7UPIZ69: Code=200, Response={"code":200,"data":{"task_id":"I8NOB9I7T7UPIZ69","status":"running","files":[],"created_time":"2026-07-08T12:27:59","progress":25,"credits_amount":0}}
[2026-07-08 14:28:32] Status for task I8NOB9I7T7UPIZ69: Code=200, Response={"code":200,"data":{"task_id":"I8NOB9I7T7UPIZ69","status":"running","files":[],"created_time":"2026-07-08T12:27:59","progress":25,"credits_amount":0}}
[2026-07-08 14:28:36] Status for task I8NOB9I7T7UPIZ69: Code=200, Response={"code":200,"data":{"task_id":"I8NOB9I7T7UPIZ69","status":"running","files":[],"created_time":"2026-07-08T12:27:59","progress":43,"credits_amount":0}}
[2026-07-08 14:28:39] Status for task I8NOB9I7T7UPIZ69: Code=200, Response={"code":200,"data":{"task_id":"I8NOB9I7T7UPIZ69","status":"running","files":[],"created_time":"2026-07-08T12:27:59","progress":43,"credits_amount":0}}
[2026-07-08 14:28:43] Status for task I8NOB9I7T7UPIZ69: Code=200, Response={"code":200,"data":{"task_id":"I8NOB9I7T7UPIZ69","status":"running","files":[],"created_time":"2026-07-08T12:27:59","progress":43,"credits_amount":0}}
[2026-07-08 14:28:47] Status for task I8NOB9I7T7UPIZ69: Code=200, Response={"code":200,"data":{"task_id":"I8NOB9I7T7UPIZ69","status":"running","files":[],"created_time":"2026-07-08T12:27:59","progress":95,"credits_amount":0}}
[2026-07-08 14:28:50] Status for task I8NOB9I7T7UPIZ69: Code=200, Response={"code":200,"data":{"task_id":"I8NOB9I7T7UPIZ69","status":"running","files":[],"created_time":"2026-07-08T12:27:59","progress":95,"credits_amount":0}}
[2026-07-08 14:28:54] Status for task I8NOB9I7T7UPIZ69: Code=200, Response={"code":200,"data":{"task_id":"I8NOB9I7T7UPIZ69","status":"running","files":[],"created_time":"2026-07-08T12:27:59","progress":100,"credits_amount":0}}
[2026-07-08 14:28:58] Status for task I8NOB9I7T7UPIZ69: Code=200, Response={"code":200,"data":{"task_id":"I8NOB9I7T7UPIZ69","status":"finished","files":[{"file_url":"https:\/\/cdn.doculator.org\/images\/I8NOB9I7T7UPIZ69\/image_20260708122853_iuWZ2X.png","file_type":"image"}],"created_time":"2026-07-08T12:27:59","progress":100,"credits_amount":2}}
[2026-07-08 14:48:23] Submit task: Code=200, Response={"code":200,"data":{"task_id":"P7Z9D8VZRPNPGHX3","status":"not_started","created_time":"2026-07-08T12:48:24"}}
[2026-07-08 14:48:27] Status for task P7Z9D8VZRPNPGHX3: Code=200, Response={"code":200,"data":{"task_id":"P7Z9D8VZRPNPGHX3","status":"running","files":[],"created_time":"2026-07-08T12:48:24","progress":0,"credits_amount":0}}
[2026-07-08 14:48:31] Status for task P7Z9D8VZRPNPGHX3: Code=200, Response={"code":200,"data":{"task_id":"P7Z9D8VZRPNPGHX3","status":"running","files":[],"created_time":"2026-07-08T12:48:24","progress":0,"credits_amount":0}}
[2026-07-08 14:48:35] Status for task P7Z9D8VZRPNPGHX3: Code=200, Response={"code":200,"data":{"task_id":"P7Z9D8VZRPNPGHX3","status":"running","files":[],"created_time":"2026-07-08T12:48:24","progress":0,"credits_amount":0}}
[2026-07-08 14:48:39] Status for task P7Z9D8VZRPNPGHX3: Code=200, Response={"code":200,"data":{"task_id":"P7Z9D8VZRPNPGHX3","status":"running","files":[],"created_time":"2026-07-08T12:48:24","progress":0,"credits_amount":0}}
[2026-07-08 14:48:43] Status for task P7Z9D8VZRPNPGHX3: Code=200, Response={"code":200,"data":{"task_id":"P7Z9D8VZRPNPGHX3","status":"running","files":[],"created_time":"2026-07-08T12:48:24","progress":0,"credits_amount":0}}
[2026-07-08 14:48:47] Status for task P7Z9D8VZRPNPGHX3: Code=200, Response={"code":200,"data":{"task_id":"P7Z9D8VZRPNPGHX3","status":"running","files":[],"created_time":"2026-07-08T12:48:24","progress":0,"credits_amount":0}}
[2026-07-08 14:48:51] Status for task P7Z9D8VZRPNPGHX3: Code=200, Response={"code":200,"data":{"task_id":"P7Z9D8VZRPNPGHX3","status":"running","files":[],"created_time":"2026-07-08T12:48:24","progress":0,"credits_amount":0}}
[2026-07-08 14:48:55] Status for task P7Z9D8VZRPNPGHX3: Code=200, Response={"code":200,"data":{"task_id":"P7Z9D8VZRPNPGHX3","status":"running","files":[],"created_time":"2026-07-08T12:48:24","progress":0,"credits_amount":0}}
[2026-07-08 14:48:59] Status for task P7Z9D8VZRPNPGHX3: Code=200, Response={"code":200,"data":{"task_id":"P7Z9D8VZRPNPGHX3","status":"running","files":[],"created_time":"2026-07-08T12:48:24","progress":0,"credits_amount":0}}
[2026-07-08 14:49:03] Status for task P7Z9D8VZRPNPGHX3: Code=200, Response={"code":200,"data":{"task_id":"P7Z9D8VZRPNPGHX3","status":"running","files":[],"created_time":"2026-07-08T12:48:24","progress":0,"credits_amount":0}}
[2026-07-08 14:49:07] Status for task P7Z9D8VZRPNPGHX3: Code=200, Response={"code":200,"data":{"task_id":"P7Z9D8VZRPNPGHX3","status":"running","files":[],"created_time":"2026-07-08T12:48:24","progress":0,"credits_amount":0}}
[2026-07-08 14:49:11] Status for task P7Z9D8VZRPNPGHX3: Code=200, Response={"code":200,"data":{"task_id":"P7Z9D8VZRPNPGHX3","status":"running","files":[],"created_time":"2026-07-08T12:48:24","progress":0,"credits_amount":0}}
[2026-07-08 14:49:15] Status for task P7Z9D8VZRPNPGHX3: Code=200, Response={"code":200,"data":{"task_id":"P7Z9D8VZRPNPGHX3","status":"running","files":[],"created_time":"2026-07-08T12:48:24","progress":0,"credits_amount":0}}
[2026-07-08 14:49:19] Status for task P7Z9D8VZRPNPGHX3: Code=200, Response={"code":200,"data":{"task_id":"P7Z9D8VZRPNPGHX3","status":"running","files":[],"created_time":"2026-07-08T12:48:24","progress":0,"credits_amount":0}}
[2026-07-08 14:49:23] Status for task P7Z9D8VZRPNPGHX3: Code=200, Response={"code":200,"data":{"task_id":"P7Z9D8VZRPNPGHX3","status":"running","files":[],"created_time":"2026-07-08T12:48:24","progress":0,"credits_amount":0}}
[2026-07-08 14:49:27] Status for task P7Z9D8VZRPNPGHX3: Code=200, Response={"code":200,"data":{"task_id":"P7Z9D8VZRPNPGHX3","status":"running","files":[],"created_time":"2026-07-08T12:48:24","progress":0,"credits_amount":0}}
[2026-07-08 14:49:31] Status for task P7Z9D8VZRPNPGHX3: Code=200, Response={"code":200,"data":{"task_id":"P7Z9D8VZRPNPGHX3","status":"running","files":[],"created_time":"2026-07-08T12:48:24","progress":0,"credits_amount":0}}
[2026-07-08 14:49:35] Status for task P7Z9D8VZRPNPGHX3: Code=200, Response={"code":200,"data":{"task_id":"P7Z9D8VZRPNPGHX3","status":"running","files":[],"created_time":"2026-07-08T12:48:24","progress":0,"credits_amount":0}}
[2026-07-08 14:49:39] Status for task P7Z9D8VZRPNPGHX3: Code=200, Response={"code":200,"data":{"task_id":"P7Z9D8VZRPNPGHX3","status":"running","files":[],"created_time":"2026-07-08T12:48:24","progress":0,"credits_amount":0}}
[2026-07-08 14:49:43] Status for task P7Z9D8VZRPNPGHX3: Code=200, Response={"code":200,"data":{"task_id":"P7Z9D8VZRPNPGHX3","status":"running","files":[],"created_time":"2026-07-08T12:48:24","progress":0,"credits_amount":0}}
[2026-07-08 14:49:47] Status for task P7Z9D8VZRPNPGHX3: Code=200, Response={"code":200,"data":{"task_id":"P7Z9D8VZRPNPGHX3","status":"running","files":[],"created_time":"2026-07-08T12:48:24","progress":0,"credits_amount":0}}
[2026-07-08 14:49:51] Status for task P7Z9D8VZRPNPGHX3: Code=200, Response={"code":200,"data":{"task_id":"P7Z9D8VZRPNPGHX3","status":"running","files":[],"created_time":"2026-07-08T12:48:24","progress":0,"credits_amount":0}}
[2026-07-08 14:49:55] Status for task P7Z9D8VZRPNPGHX3: Code=200, Response={"code":200,"data":{"task_id":"P7Z9D8VZRPNPGHX3","status":"running","files":[],"created_time":"2026-07-08T12:48:24","progress":0,"credits_amount":0}}
[2026-07-08 14:49:59] Status for task P7Z9D8VZRPNPGHX3: Code=200, Response={"code":200,"data":{"task_id":"P7Z9D8VZRPNPGHX3","status":"running","files":[],"created_time":"2026-07-08T12:48:24","progress":0,"credits_amount":0}}
[2026-07-08 14:50:03] Status for task P7Z9D8VZRPNPGHX3: Code=200, Response={"code":200,"data":{"task_id":"P7Z9D8VZRPNPGHX3","status":"running","files":[],"created_time":"2026-07-08T12:48:24","progress":0,"credits_amount":0}}
[2026-07-08 14:50:07] Status for task P7Z9D8VZRPNPGHX3: Code=200, Response={"code":200,"data":{"task_id":"P7Z9D8VZRPNPGHX3","status":"running","files":[],"created_time":"2026-07-08T12:48:24","progress":0,"credits_amount":0}}
[2026-07-08 14:50:11] Status for task P7Z9D8VZRPNPGHX3: Code=200, Response={"code":200,"data":{"task_id":"P7Z9D8VZRPNPGHX3","status":"running","files":[],"created_time":"2026-07-08T12:48:24","progress":0,"credits_amount":0}}
[2026-07-08 14:50:15] Status for task P7Z9D8VZRPNPGHX3: Code=200, Response={"code":200,"data":{"task_id":"P7Z9D8VZRPNPGHX3","status":"running","files":[],"created_time":"2026-07-08T12:48:24","progress":0,"credits_amount":0}}
[2026-07-08 14:50:19] Status for task P7Z9D8VZRPNPGHX3: Code=200, Response={"code":200,"data":{"task_id":"P7Z9D8VZRPNPGHX3","status":"running","files":[],"created_time":"2026-07-08T12:48:24","progress":0,"credits_amount":0}}
[2026-07-08 14:50:23] Status for task P7Z9D8VZRPNPGHX3: Code=200, Response={"code":200,"data":{"task_id":"P7Z9D8VZRPNPGHX3","status":"running","files":[],"created_time":"2026-07-08T12:48:24","progress":0,"credits_amount":0}}
[2026-07-08 14:50:27] Status for task P7Z9D8VZRPNPGHX3: Code=200, Response={"code":200,"data":{"task_id":"P7Z9D8VZRPNPGHX3","status":"running","files":[],"created_time":"2026-07-08T12:48:24","progress":0,"credits_amount":0}}
[2026-07-08 14:50:31] Status for task P7Z9D8VZRPNPGHX3: Code=200, Response={"code":200,"data":{"task_id":"P7Z9D8VZRPNPGHX3","status":"running","files":[],"created_time":"2026-07-08T12:48:24","progress":0,"credits_amount":0}}
[2026-07-08 14:50:35] Status for task P7Z9D8VZRPNPGHX3: Code=200, Response={"code":200,"data":{"task_id":"P7Z9D8VZRPNPGHX3","status":"running","files":[],"created_time":"2026-07-08T12:48:24","progress":0,"credits_amount":0}}
[2026-07-08 14:50:39] Status for task P7Z9D8VZRPNPGHX3: Code=200, Response={"code":200,"data":{"task_id":"P7Z9D8VZRPNPGHX3","status":"running","files":[],"created_time":"2026-07-08T12:48:24","progress":0,"credits_amount":0}}
[2026-07-08 14:50:43] Status for task P7Z9D8VZRPNPGHX3: Code=200, Response={"code":200,"data":{"task_id":"P7Z9D8VZRPNPGHX3","status":"running","files":[],"created_time":"2026-07-08T12:48:24","progress":0,"credits_amount":0}}
[2026-07-08 14:50:47] Status for task P7Z9D8VZRPNPGHX3: Code=200, Response={"code":200,"data":{"task_id":"P7Z9D8VZRPNPGHX3","status":"running","files":[],"created_time":"2026-07-08T12:48:24","progress":0,"credits_amount":0}}
[2026-07-08 14:50:51] Status for task P7Z9D8VZRPNPGHX3: Code=200, Response={"code":200,"data":{"task_id":"P7Z9D8VZRPNPGHX3","status":"running","files":[],"created_time":"2026-07-08T12:48:24","progress":0,"credits_amount":0}}
[2026-07-08 14:50:55] Status for task P7Z9D8VZRPNPGHX3: Code=200, Response={"code":200,"data":{"task_id":"P7Z9D8VZRPNPGHX3","status":"running","files":[],"created_time":"2026-07-08T12:48:24","progress":0,"credits_amount":0}}
[2026-07-08 14:50:59] Status for task P7Z9D8VZRPNPGHX3: Code=200, Response={"code":200,"data":{"task_id":"P7Z9D8VZRPNPGHX3","status":"running","files":[],"created_time":"2026-07-08T12:48:24","progress":0,"credits_amount":0}}
[2026-07-08 14:51:03] Status for task P7Z9D8VZRPNPGHX3: Code=200, Response={"code":200,"data":{"task_id":"P7Z9D8VZRPNPGHX3","status":"running","files":[],"created_time":"2026-07-08T12:48:24","progress":0,"credits_amount":0}}
[2026-07-08 14:51:07] Status for task P7Z9D8VZRPNPGHX3: Code=200, Response={"code":200,"data":{"task_id":"P7Z9D8VZRPNPGHX3","status":"running","files":[],"created_time":"2026-07-08T12:48:24","progress":0,"credits_amount":0}}
[2026-07-08 14:51:11] Status for task P7Z9D8VZRPNPGHX3: Code=200, Response={"code":200,"data":{"task_id":"P7Z9D8VZRPNPGHX3","status":"running","files":[],"created_time":"2026-07-08T12:48:24","progress":0,"credits_amount":0}}
[2026-07-08 14:51:15] Status for task P7Z9D8VZRPNPGHX3: Code=200, Response={"code":200,"data":{"task_id":"P7Z9D8VZRPNPGHX3","status":"running","files":[],"created_time":"2026-07-08T12:48:24","progress":0,"credits_amount":0}}
[2026-07-08 14:51:19] Status for task P7Z9D8VZRPNPGHX3: Code=200, Response={"code":200,"data":{"task_id":"P7Z9D8VZRPNPGHX3","status":"running","files":[],"created_time":"2026-07-08T12:48:24","progress":0,"credits_amount":0}}
[2026-07-08 14:51:23] Status for task P7Z9D8VZRPNPGHX3: Code=200, Response={"code":200,"data":{"task_id":"P7Z9D8VZRPNPGHX3","status":"running","files":[],"created_time":"2026-07-08T12:48:24","progress":0,"credits_amount":0}}
[2026-07-08 14:51:27] Status for task P7Z9D8VZRPNPGHX3: Code=200, Response={"code":200,"data":{"task_id":"P7Z9D8VZRPNPGHX3","status":"running","files":[],"created_time":"2026-07-08T12:48:24","progress":0,"credits_amount":0}}
[2026-07-08 14:51:31] Status for task P7Z9D8VZRPNPGHX3: Code=200, Response={"code":200,"data":{"task_id":"P7Z9D8VZRPNPGHX3","status":"running","files":[],"created_time":"2026-07-08T12:48:24","progress":0,"credits_amount":0}}
[2026-07-08 14:51:35] Status for task P7Z9D8VZRPNPGHX3: Code=200, Response={"code":200,"data":{"task_id":"P7Z9D8VZRPNPGHX3","status":"running","files":[],"created_time":"2026-07-08T12:48:24","progress":0,"credits_amount":0}}
[2026-07-08 14:51:39] Status for task P7Z9D8VZRPNPGHX3: Code=200, Response={"code":200,"data":{"task_id":"P7Z9D8VZRPNPGHX3","status":"running","files":[],"created_time":"2026-07-08T12:48:24","progress":0,"credits_amount":0}}
[2026-07-08 14:51:43] Status for task P7Z9D8VZRPNPGHX3: Code=200, Response={"code":200,"data":{"task_id":"P7Z9D8VZRPNPGHX3","status":"running","files":[],"created_time":"2026-07-08T12:48:24","progress":0,"credits_amount":0}}
[2026-07-08 14:51:47] Status for task P7Z9D8VZRPNPGHX3: Code=200, Response={"code":200,"data":{"task_id":"P7Z9D8VZRPNPGHX3","status":"running","files":[],"created_time":"2026-07-08T12:48:24","progress":0,"credits_amount":0}}
[2026-07-08 14:51:51] Status for task P7Z9D8VZRPNPGHX3: Code=200, Response={"code":200,"data":{"task_id":"P7Z9D8VZRPNPGHX3","status":"running","files":[],"created_time":"2026-07-08T12:48:24","progress":0,"credits_amount":0}}
[2026-07-08 14:51:55] Status for task P7Z9D8VZRPNPGHX3: Code=200, Response={"code":200,"data":{"task_id":"P7Z9D8VZRPNPGHX3","status":"running","files":[],"created_time":"2026-07-08T12:48:24","progress":0,"credits_amount":0}}
[2026-07-08 14:52:25] Status for task P7Z9D8VZRPNPGHX3: Code=200, Response={"code":200,"data":{"task_id":"P7Z9D8VZRPNPGHX3","status":"running","files":[],"created_time":"2026-07-08T12:48:24","progress":0,"credits_amount":0}}
[2026-07-08 14:52:30] Status for task P7Z9D8VZRPNPGHX3: Code=200, Response={"code":200,"data":{"task_id":"P7Z9D8VZRPNPGHX3","status":"running","files":[],"created_time":"2026-07-08T12:48:24","progress":0,"credits_amount":0}}
[2026-07-08 14:52:34] Status for task P7Z9D8VZRPNPGHX3: Code=200, Response={"code":200,"data":{"task_id":"P7Z9D8VZRPNPGHX3","status":"running","files":[],"created_time":"2026-07-08T12:48:24","progress":0,"credits_amount":0}}
[2026-07-08 14:52:38] Status for task P7Z9D8VZRPNPGHX3: Code=200, Response={"code":200,"data":{"task_id":"P7Z9D8VZRPNPGHX3","status":"running","files":[],"created_time":"2026-07-08T12:48:24","progress":0,"credits_amount":0}}
[2026-07-08 14:52:42] Status for task P7Z9D8VZRPNPGHX3: Code=200, Response={"code":200,"data":{"task_id":"P7Z9D8VZRPNPGHX3","status":"running","files":[],"created_time":"2026-07-08T12:48:24","progress":0,"credits_amount":0}}
[2026-07-08 14:52:46] Status for task P7Z9D8VZRPNPGHX3: Code=200, Response={"code":200,"data":{"task_id":"P7Z9D8VZRPNPGHX3","status":"running","files":[],"created_time":"2026-07-08T12:48:24","progress":0,"credits_amount":0}}
[2026-07-08 14:52:50] Status for task P7Z9D8VZRPNPGHX3: Code=200, Response={"code":200,"data":{"task_id":"P7Z9D8VZRPNPGHX3","status":"running","files":[],"created_time":"2026-07-08T12:48:24","progress":0,"credits_amount":0}}
[2026-07-08 14:52:54] Status for task P7Z9D8VZRPNPGHX3: Code=200, Response={"code":200,"data":{"task_id":"P7Z9D8VZRPNPGHX3","status":"running","files":[],"created_time":"2026-07-08T12:48:24","progress":0,"credits_amount":0}}
[2026-07-08 14:52:58] Status for task P7Z9D8VZRPNPGHX3: Code=200, Response={"code":200,"data":{"task_id":"P7Z9D8VZRPNPGHX3","status":"running","files":[],"created_time":"2026-07-08T12:48:24","progress":0,"credits_amount":0}}
[2026-07-08 14:53:02] Status for task P7Z9D8VZRPNPGHX3: Code=200, Response={"code":200,"data":{"task_id":"P7Z9D8VZRPNPGHX3","status":"running","files":[],"created_time":"2026-07-08T12:48:24","progress":0,"credits_amount":0}}
[2026-07-08 14:53:06] Status for task P7Z9D8VZRPNPGHX3: Code=200, Response={"code":200,"data":{"task_id":"P7Z9D8VZRPNPGHX3","status":"running","files":[],"created_time":"2026-07-08T12:48:24","progress":0,"credits_amount":0}}
[2026-07-08 14:53:10] Status for task P7Z9D8VZRPNPGHX3: Code=200, Response={"code":200,"data":{"task_id":"P7Z9D8VZRPNPGHX3","status":"running","files":[],"created_time":"2026-07-08T12:48:24","progress":0,"credits_amount":0}}
[2026-07-08 14:53:14] Status for task P7Z9D8VZRPNPGHX3: Code=200, Response={"code":200,"data":{"task_id":"P7Z9D8VZRPNPGHX3","status":"running","files":[],"created_time":"2026-07-08T12:48:24","progress":0,"credits_amount":0}}
[2026-07-08 14:53:18] Status for task P7Z9D8VZRPNPGHX3: Code=200, Response={"code":200,"data":{"task_id":"P7Z9D8VZRPNPGHX3","status":"running","files":[],"created_time":"2026-07-08T12:48:24","progress":0,"credits_amount":0}}
[2026-07-08 14:53:22] Status for task P7Z9D8VZRPNPGHX3: Code=200, Response={"code":200,"data":{"task_id":"P7Z9D8VZRPNPGHX3","status":"running","files":[],"created_time":"2026-07-08T12:48:24","progress":0,"credits_amount":0}}
[2026-07-08 14:53:26] Status for task P7Z9D8VZRPNPGHX3: Code=200, Response={"code":200,"data":{"task_id":"P7Z9D8VZRPNPGHX3","status":"running","files":[],"created_time":"2026-07-08T12:48:24","progress":0,"credits_amount":0}}
[2026-07-08 14:53:30] Status for task P7Z9D8VZRPNPGHX3: Code=200, Response={"code":200,"data":{"task_id":"P7Z9D8VZRPNPGHX3","status":"running","files":[],"created_time":"2026-07-08T12:48:24","progress":0,"credits_amount":0}}
[2026-07-08 14:53:34] Status for task P7Z9D8VZRPNPGHX3: Code=200, Response={"code":200,"data":{"task_id":"P7Z9D8VZRPNPGHX3","status":"running","files":[],"created_time":"2026-07-08T12:48:24","progress":0,"credits_amount":0}}
[2026-07-08 14:53:38] Status for task P7Z9D8VZRPNPGHX3: Code=200, Response={"code":200,"data":{"task_id":"P7Z9D8VZRPNPGHX3","status":"running","files":[],"created_time":"2026-07-08T12:48:24","progress":0,"credits_amount":0}}
[2026-07-08 14:53:42] Status for task P7Z9D8VZRPNPGHX3: Code=200, Response={"code":200,"data":{"task_id":"P7Z9D8VZRPNPGHX3","status":"running","files":[],"created_time":"2026-07-08T12:48:24","progress":0,"credits_amount":0}}
[2026-07-08 14:53:46] Status for task P7Z9D8VZRPNPGHX3: Code=200, Response={"code":200,"data":{"task_id":"P7Z9D8VZRPNPGHX3","status":"running","files":[],"created_time":"2026-07-08T12:48:24","progress":0,"credits_amount":0}}
[2026-07-08 14:53:50] Status for task P7Z9D8VZRPNPGHX3: Code=200, Response={"code":200,"data":{"task_id":"P7Z9D8VZRPNPGHX3","status":"running","files":[],"created_time":"2026-07-08T12:48:24","progress":0,"credits_amount":0}}
[2026-07-08 14:53:54] Status for task P7Z9D8VZRPNPGHX3: Code=200, Response={"code":200,"data":{"task_id":"P7Z9D8VZRPNPGHX3","status":"running","files":[],"created_time":"2026-07-08T12:48:24","progress":0,"credits_amount":0}}
[2026-07-08 14:53:58] Status for task P7Z9D8VZRPNPGHX3: Code=200, Response={"code":200,"data":{"task_id":"P7Z9D8VZRPNPGHX3","status":"running","files":[],"created_time":"2026-07-08T12:48:24","progress":0,"credits_amount":0}}
[2026-07-08 14:54:02] Status for task P7Z9D8VZRPNPGHX3: Code=200, Response={"code":200,"data":{"task_id":"P7Z9D8VZRPNPGHX3","status":"running","files":[],"created_time":"2026-07-08T12:48:24","progress":0,"credits_amount":0}}
[2026-07-08 14:54:06] Status for task P7Z9D8VZRPNPGHX3: Code=200, Response={"code":200,"data":{"task_id":"P7Z9D8VZRPNPGHX3","status":"running","files":[],"created_time":"2026-07-08T12:48:24","progress":0,"credits_amount":0}}
[2026-07-08 14:54:10] Status for task P7Z9D8VZRPNPGHX3: Code=200, Response={"code":200,"data":{"task_id":"P7Z9D8VZRPNPGHX3","status":"running","files":[],"created_time":"2026-07-08T12:48:24","progress":0,"credits_amount":0}}
[2026-07-08 14:54:14] Status for task P7Z9D8VZRPNPGHX3: Code=200, Response={"code":200,"data":{"task_id":"P7Z9D8VZRPNPGHX3","status":"running","files":[],"created_time":"2026-07-08T12:48:24","progress":0,"credits_amount":0}}
[2026-07-08 14:54:18] Status for task P7Z9D8VZRPNPGHX3: Code=200, Response={"code":200,"data":{"task_id":"P7Z9D8VZRPNPGHX3","status":"running","files":[],"created_time":"2026-07-08T12:48:24","progress":0,"credits_amount":0}}
[2026-07-08 14:54:22] Status for task P7Z9D8VZRPNPGHX3: Code=200, Response={"code":200,"data":{"task_id":"P7Z9D8VZRPNPGHX3","status":"running","files":[],"created_time":"2026-07-08T12:48:24","progress":0,"credits_amount":0}}
[2026-07-08 14:54:26] Status for task P7Z9D8VZRPNPGHX3: Code=200, Response={"code":200,"data":{"task_id":"P7Z9D8VZRPNPGHX3","status":"running","files":[],"created_time":"2026-07-08T12:48:24","progress":0,"credits_amount":0}}
[2026-07-08 14:54:30] Status for task P7Z9D8VZRPNPGHX3: Code=200, Response={"code":200,"data":{"task_id":"P7Z9D8VZRPNPGHX3","status":"running","files":[],"created_time":"2026-07-08T12:48:24","progress":0,"credits_amount":0}}
[2026-07-08 14:54:34] Status for task P7Z9D8VZRPNPGHX3: Code=200, Response={"code":200,"data":{"task_id":"P7Z9D8VZRPNPGHX3","status":"running","files":[],"created_time":"2026-07-08T12:48:24","progress":0,"credits_amount":0}}
[2026-07-08 14:54:38] Status for task P7Z9D8VZRPNPGHX3: Code=200, Response={"code":200,"data":{"task_id":"P7Z9D8VZRPNPGHX3","status":"running","files":[],"created_time":"2026-07-08T12:48:24","progress":0,"credits_amount":0}}
[2026-07-08 14:54:42] Status for task P7Z9D8VZRPNPGHX3: Code=200, Response={"code":200,"data":{"task_id":"P7Z9D8VZRPNPGHX3","status":"running","files":[],"created_time":"2026-07-08T12:48:24","progress":0,"credits_amount":0}}
[2026-07-08 14:54:46] Status for task P7Z9D8VZRPNPGHX3: Code=200, Response={"code":200,"data":{"task_id":"P7Z9D8VZRPNPGHX3","status":"running","files":[],"created_time":"2026-07-08T12:48:24","progress":0,"credits_amount":0}}
[2026-07-08 14:54:50] Status for task P7Z9D8VZRPNPGHX3: Code=200, Response={"code":200,"data":{"task_id":"P7Z9D8VZRPNPGHX3","status":"running","files":[],"created_time":"2026-07-08T12:48:24","progress":0,"credits_amount":0}}
[2026-07-08 14:54:54] Status for task P7Z9D8VZRPNPGHX3: Code=200, Response={"code":200,"data":{"task_id":"P7Z9D8VZRPNPGHX3","status":"running","files":[],"created_time":"2026-07-08T12:48:24","progress":0,"credits_amount":0}}
[2026-07-08 14:54:58] Status for task P7Z9D8VZRPNPGHX3: Code=200, Response={"code":200,"data":{"task_id":"P7Z9D8VZRPNPGHX3","status":"running","files":[],"created_time":"2026-07-08T12:48:24","progress":0,"credits_amount":0}}
[2026-07-08 14:55:02] Status for task P7Z9D8VZRPNPGHX3: Code=200, Response={"code":200,"data":{"task_id":"P7Z9D8VZRPNPGHX3","status":"running","files":[],"created_time":"2026-07-08T12:48:24","progress":0,"credits_amount":0}}
[2026-07-08 14:55:06] Status for task P7Z9D8VZRPNPGHX3: Code=200, Response={"code":200,"data":{"task_id":"P7Z9D8VZRPNPGHX3","status":"running","files":[],"created_time":"2026-07-08T12:48:24","progress":0,"credits_amount":0}}
[2026-07-08 14:55:10] Status for task P7Z9D8VZRPNPGHX3: Code=200, Response={"code":200,"data":{"task_id":"P7Z9D8VZRPNPGHX3","status":"running","files":[],"created_time":"2026-07-08T12:48:24","progress":0,"credits_amount":0}}
[2026-07-08 14:55:14] Status for task P7Z9D8VZRPNPGHX3: Code=200, Response={"code":200,"data":{"task_id":"P7Z9D8VZRPNPGHX3","status":"running","files":[],"created_time":"2026-07-08T12:48:24","progress":0,"credits_amount":0}}
[2026-07-08 14:55:18] Status for task P7Z9D8VZRPNPGHX3: Code=200, Response={"code":200,"data":{"task_id":"P7Z9D8VZRPNPGHX3","status":"running","files":[],"created_time":"2026-07-08T12:48:24","progress":0,"credits_amount":0}}
[2026-07-08 14:55:22] Status for task P7Z9D8VZRPNPGHX3: Code=200, Response={"code":200,"data":{"task_id":"P7Z9D8VZRPNPGHX3","status":"running","files":[],"created_time":"2026-07-08T12:48:24","progress":0,"credits_amount":0}}
[2026-07-08 14:55:26] Status for task P7Z9D8VZRPNPGHX3: Code=200, Response={"code":200,"data":{"task_id":"P7Z9D8VZRPNPGHX3","status":"running","files":[],"created_time":"2026-07-08T12:48:24","progress":0,"credits_amount":0}}
[2026-07-08 14:55:30] Status for task P7Z9D8VZRPNPGHX3: Code=200, Response={"code":200,"data":{"task_id":"P7Z9D8VZRPNPGHX3","status":"running","files":[],"created_time":"2026-07-08T12:48:24","progress":0,"credits_amount":0}}
[2026-07-08 14:55:34] Status for task P7Z9D8VZRPNPGHX3: Code=200, Response={"code":200,"data":{"task_id":"P7Z9D8VZRPNPGHX3","status":"running","files":[],"created_time":"2026-07-08T12:48:24","progress":0,"credits_amount":0}}
[2026-07-08 14:55:38] Status for task P7Z9D8VZRPNPGHX3: Code=200, Response={"code":200,"data":{"task_id":"P7Z9D8VZRPNPGHX3","status":"running","files":[],"created_time":"2026-07-08T12:48:24","progress":0,"credits_amount":0}}
[2026-07-08 14:55:42] Status for task P7Z9D8VZRPNPGHX3: Code=200, Response={"code":200,"data":{"task_id":"P7Z9D8VZRPNPGHX3","status":"running","files":[],"created_time":"2026-07-08T12:48:24","progress":0,"credits_amount":0}}
[2026-07-08 14:55:46] Status for task P7Z9D8VZRPNPGHX3: Code=200, Response={"code":200,"data":{"task_id":"P7Z9D8VZRPNPGHX3","status":"running","files":[],"created_time":"2026-07-08T12:48:24","progress":0,"credits_amount":0}}
[2026-07-08 14:55:50] Status for task P7Z9D8VZRPNPGHX3: Code=200, Response={"code":200,"data":{"task_id":"P7Z9D8VZRPNPGHX3","status":"running","files":[],"created_time":"2026-07-08T12:48:24","progress":0,"credits_amount":0}}
[2026-07-08 14:55:54] Status for task P7Z9D8VZRPNPGHX3: Code=200, Response={"code":200,"data":{"task_id":"P7Z9D8VZRPNPGHX3","status":"running","files":[],"created_time":"2026-07-08T12:48:24","progress":0,"credits_amount":0}}
[2026-07-08 14:55:58] Status for task P7Z9D8VZRPNPGHX3: Code=200, Response={"code":200,"data":{"task_id":"P7Z9D8VZRPNPGHX3","status":"running","files":[],"created_time":"2026-07-08T12:48:24","progress":0,"credits_amount":0}}
[2026-07-08 14:56:02] Status for task P7Z9D8VZRPNPGHX3: Code=200, Response={"code":200,"data":{"task_id":"P7Z9D8VZRPNPGHX3","status":"running","files":[],"created_time":"2026-07-08T12:48:24","progress":0,"credits_amount":0}}
[2026-07-08 14:56:06] Status for task P7Z9D8VZRPNPGHX3: Code=200, Response={"code":200,"data":{"task_id":"P7Z9D8VZRPNPGHX3","status":"running","files":[],"created_time":"2026-07-08T12:48:24","progress":0,"credits_amount":0}}
[2026-07-08 14:56:10] Status for task P7Z9D8VZRPNPGHX3: Code=200, Response={"code":200,"data":{"task_id":"P7Z9D8VZRPNPGHX3","status":"running","files":[],"created_time":"2026-07-08T12:48:24","progress":0,"credits_amount":0}}
[2026-07-08 14:56:14] Status for task P7Z9D8VZRPNPGHX3: Code=200, Response={"code":200,"data":{"task_id":"P7Z9D8VZRPNPGHX3","status":"running","files":[],"created_time":"2026-07-08T12:48:24","progress":0,"credits_amount":0}}
[2026-07-08 14:56:18] Status for task P7Z9D8VZRPNPGHX3: Code=200, Response={"code":200,"data":{"task_id":"P7Z9D8VZRPNPGHX3","status":"running","files":[],"created_time":"2026-07-08T12:48:24","progress":0,"credits_amount":0}}
[2026-07-08 14:56:22] Status for task P7Z9D8VZRPNPGHX3: Code=200, Response={"code":200,"data":{"task_id":"P7Z9D8VZRPNPGHX3","status":"running","files":[],"created_time":"2026-07-08T12:48:24","progress":0,"credits_amount":0}}
[2026-07-08 14:56:26] Status for task P7Z9D8VZRPNPGHX3: Code=200, Response={"code":200,"data":{"task_id":"P7Z9D8VZRPNPGHX3","status":"running","files":[],"created_time":"2026-07-08T12:48:24","progress":0,"credits_amount":0}}
[2026-07-08 14:56:30] Status for task P7Z9D8VZRPNPGHX3: Code=200, Response={"code":200,"data":{"task_id":"P7Z9D8VZRPNPGHX3","status":"running","files":[],"created_time":"2026-07-08T12:48:24","progress":0,"credits_amount":0}}
[2026-07-08 14:56:35] Status for task P7Z9D8VZRPNPGHX3: Code=200, Response={"code":200,"data":{"task_id":"P7Z9D8VZRPNPGHX3","status":"running","files":[],"created_time":"2026-07-08T12:48:24","progress":0,"credits_amount":0}}
[2026-07-08 14:56:39] Status for task P7Z9D8VZRPNPGHX3: Code=200, Response={"code":200,"data":{"task_id":"P7Z9D8VZRPNPGHX3","status":"running","files":[],"created_time":"2026-07-08T12:48:24","progress":0,"credits_amount":0}}
[2026-07-08 14:56:43] Status for task P7Z9D8VZRPNPGHX3: Code=200, Response={"code":200,"data":{"task_id":"P7Z9D8VZRPNPGHX3","status":"running","files":[],"created_time":"2026-07-08T12:48:24","progress":0,"credits_amount":0}}
[2026-07-08 14:56:47] Status for task P7Z9D8VZRPNPGHX3: Code=200, Response={"code":200,"data":{"task_id":"P7Z9D8VZRPNPGHX3","status":"running","files":[],"created_time":"2026-07-08T12:48:24","progress":0,"credits_amount":0}}
[2026-07-08 14:56:51] Status for task P7Z9D8VZRPNPGHX3: Code=200, Response={"code":200,"data":{"task_id":"P7Z9D8VZRPNPGHX3","status":"running","files":[],"created_time":"2026-07-08T12:48:24","progress":0,"credits_amount":0}}
[2026-07-10 14:10:38] Submit task: Code=200, Response={"code":200,"data":{"task_id":"72KNQDRLCLOMLV64","status":"not_started","created_time":"2026-07-10T12:10:36"}}
[2026-07-10 14:10:44] Status for task 72KNQDRLCLOMLV64: Code=200, Response={"code":200,"data":{"task_id":"72KNQDRLCLOMLV64","status":"running","files":[],"created_time":"2026-07-10T12:10:36","progress":0,"credits_amount":0}}
[2026-07-10 14:10:50] Status for task 72KNQDRLCLOMLV64: Code=200, Response={"code":200,"data":{"task_id":"72KNQDRLCLOMLV64","status":"running","files":[],"created_time":"2026-07-10T12:10:36","progress":0,"credits_amount":0}}
[2026-07-10 14:10:54] Status for task 72KNQDRLCLOMLV64: Code=200, Response={"code":200,"data":{"task_id":"72KNQDRLCLOMLV64","status":"running","files":[],"created_time":"2026-07-10T12:10:36","progress":0,"credits_amount":0}}
[2026-07-10 14:10:58] Status for task 72KNQDRLCLOMLV64: Code=200, Response={"code":200,"data":{"task_id":"72KNQDRLCLOMLV64","status":"running","files":[],"created_time":"2026-07-10T12:10:36","progress":0,"credits_amount":0}}
[2026-07-10 14:11:02] Status for task 72KNQDRLCLOMLV64: Code=200, Response={"code":200,"data":{"task_id":"72KNQDRLCLOMLV64","status":"running","files":[],"created_time":"2026-07-10T12:10:36","progress":0,"credits_amount":0}}
[2026-07-10 14:11:06] Status for task 72KNQDRLCLOMLV64: Code=200, Response={"code":200,"data":{"task_id":"72KNQDRLCLOMLV64","status":"running","files":[],"created_time":"2026-07-10T12:10:36","progress":0,"credits_amount":0}}
[2026-07-10 14:11:11] Status for task 72KNQDRLCLOMLV64: Code=200, Response={"code":200,"data":{"task_id":"72KNQDRLCLOMLV64","status":"running","files":[],"created_time":"2026-07-10T12:10:36","progress":25,"credits_amount":0}}
[2026-07-10 14:11:15] Status for task 72KNQDRLCLOMLV64: Code=200, Response={"code":200,"data":{"task_id":"72KNQDRLCLOMLV64","status":"running","files":[],"created_time":"2026-07-10T12:10:36","progress":25,"credits_amount":0}}
[2026-07-10 14:11:19] Status for task 72KNQDRLCLOMLV64: Code=200, Response={"code":200,"data":{"task_id":"72KNQDRLCLOMLV64","status":"running","files":[],"created_time":"2026-07-10T12:10:36","progress":43,"credits_amount":0}}
[2026-07-10 14:11:23] Status for task 72KNQDRLCLOMLV64: Code=200, Response={"code":200,"data":{"task_id":"72KNQDRLCLOMLV64","status":"running","files":[],"created_time":"2026-07-10T12:10:36","progress":43,"credits_amount":0}}
[2026-07-10 14:11:27] Status for task 72KNQDRLCLOMLV64: Code=200, Response={"code":200,"data":{"task_id":"72KNQDRLCLOMLV64","status":"running","files":[],"created_time":"2026-07-10T12:10:36","progress":95,"credits_amount":0}}
[2026-07-10 14:11:31] Status for task 72KNQDRLCLOMLV64: Code=200, Response={"code":200,"data":{"task_id":"72KNQDRLCLOMLV64","status":"running","files":[],"created_time":"2026-07-10T12:10:36","progress":95,"credits_amount":0}}
[2026-07-10 14:11:36] Status for task 72KNQDRLCLOMLV64: Code=200, Response={"code":200,"data":{"task_id":"72KNQDRLCLOMLV64","status":"running","files":[],"created_time":"2026-07-10T12:10:36","progress":100,"credits_amount":0}}
[2026-07-10 14:11:40] Status for task 72KNQDRLCLOMLV64: Code=200, Response={"code":200,"data":{"task_id":"72KNQDRLCLOMLV64","status":"finished","files":[{"file_url":"https:\/\/cdn.doculator.org\/images\/72KNQDRLCLOMLV64\/image_20260710121133_M3ReRf.png","file_type":"image"}],"created_time":"2026-07-10T12:10:36","progress":100,"credits_amount":2}}
[2026-07-10 14:13:36] Submit task: Code=200, Response={"code":200,"data":{"task_id":"9ITTB1JEIOFU5L3E","status":"not_started","created_time":"2026-07-10T12:13:35"}}
[2026-07-10 14:13:40] Status for task 9ITTB1JEIOFU5L3E: Code=200, Response={"code":200,"data":{"task_id":"9ITTB1JEIOFU5L3E","status":"running","files":[],"created_time":"2026-07-10T12:13:35","progress":0,"credits_amount":0}}
[2026-07-10 14:13:47] Status for task 9ITTB1JEIOFU5L3E: Code=200, Response={"code":200,"data":{"task_id":"9ITTB1JEIOFU5L3E","status":"running","files":[],"created_time":"2026-07-10T12:13:35","progress":0,"credits_amount":0}}
[2026-07-10 14:13:51] Status for task 9ITTB1JEIOFU5L3E: Code=200, Response={"code":200,"data":{"task_id":"9ITTB1JEIOFU5L3E","status":"running","files":[],"created_time":"2026-07-10T12:13:35","progress":0,"credits_amount":0}}
[2026-07-10 14:13:57] Status for task 9ITTB1JEIOFU5L3E: Code=200, Response={"code":200,"data":{"task_id":"9ITTB1JEIOFU5L3E","status":"running","files":[],"created_time":"2026-07-10T12:13:35","progress":25,"credits_amount":0}}
[2026-07-10 14:14:03] Status for task 9ITTB1JEIOFU5L3E: Code=200, Response={"code":200,"data":{"task_id":"9ITTB1JEIOFU5L3E","status":"running","files":[],"created_time":"2026-07-10T12:13:35","progress":25,"credits_amount":0}}
[2026-07-10 14:14:06] Status for task 9ITTB1JEIOFU5L3E: Code=200, Response={"code":200,"data":{"task_id":"9ITTB1JEIOFU5L3E","status":"running","files":[],"created_time":"2026-07-10T12:13:35","progress":25,"credits_amount":0}}
[2026-07-10 14:14:12] Status for task 9ITTB1JEIOFU5L3E: Code=200, Response={"code":200,"data":{"task_id":"9ITTB1JEIOFU5L3E","status":"running","files":[],"created_time":"2026-07-10T12:13:35","progress":43,"credits_amount":0}}
[2026-07-10 14:14:17] Status for task 9ITTB1JEIOFU5L3E: Code=200, Response={"code":200,"data":{"task_id":"9ITTB1JEIOFU5L3E","status":"running","files":[],"created_time":"2026-07-10T12:13:35","progress":43,"credits_amount":0}}
[2026-07-10 14:14:21] Status for task 9ITTB1JEIOFU5L3E: Code=200, Response={"code":200,"data":{"task_id":"9ITTB1JEIOFU5L3E","status":"running","files":[],"created_time":"2026-07-10T12:13:35","progress":95,"credits_amount":0}}
[2026-07-10 14:14:28] Status for task 9ITTB1JEIOFU5L3E: Code=200, Response={"code":200,"data":{"task_id":"9ITTB1JEIOFU5L3E","status":"running","files":[],"created_time":"2026-07-10T12:13:35","progress":95,"credits_amount":0}}
[2026-07-10 14:14:33] Status for task 9ITTB1JEIOFU5L3E: Code=200, Response={"code":200,"data":{"task_id":"9ITTB1JEIOFU5L3E","status":"finished","files":[{"file_url":"https:\/\/cdn.doculator.org\/images\/9ITTB1JEIOFU5L3E\/image_20260710121428_iTjiGt.png","file_type":"image"}],"created_time":"2026-07-10T12:13:35","progress":100,"credits_amount":2}}
